code,description,avg_monthly_q1,april_qty,old_moq,new_moq
ADA001,Adaptor Box 100x100x70,0.3333333333333333,1.0,0.08333333333333333,0.25
ADA002,Adaptor Box 150x150x70,1.6666666666666667,1.0,0.4166666666666667,0.4166666666666667
ADA003,Adaptor Box 200x200x80,1.0,3.0,0.25,0.75
ADA005,Adaptor Box 255x200x80mm,0.0,2.0,0.0,0.5
ADA006,Adaptor Box 300x250x120mm,1.3333333333333333,0.0,0.3333333333333333,0.3333333333333333
ADJ001,Adjustable Screw Spanner,0.6666666666666666,0.0,0.16666666666666666,0.16666666666666666
ALL001,Allan Key Big,0.6666666666666666,0.0,0.16666666666666666,0.16666666666666666
ALL002,Allan Key Pcs,0.3333333333333333,0.0,0.08333333333333333,0.08333333333333333
ALL004,Stanley-Alluminium Level 24''(600mmK) A-(RbE-1N0),1.0,0.0,0.25,0.25
ANG001,Angle Brackets,1.3333333333333333,0.0,0.3333333333333333,0.3333333333333333
ANG002,Angle Line 11/2x1/4,3.0,0.0,0.75,0.75
ANG003,Angle Line 11/2x1/8,4.0,2.0,1.0,1.0
ANG005,Angle Line 1x1/8,3.0,2.0,0.75,0.75
ANG006,Angle Line 2x1/4,2.0,0.0,0.5,0.5
ANG007,Angle Line 2x1/8,4.666666666666667,3.0,1.1666666666666667,1.1666666666666667
ANG009,Angle Line 3/4x1/8,1.3333333333333333,0.0,0.3333333333333333,0.3333333333333333
ANG010,Angle Line 3x1/4,0.16666666666666666,0.0,0.041666666666666664,0.041666666666666664
ANG011,Angle Valve 1/2turn,7.666666666666667,6.0,1.916666666666667,1.916666666666667
ANG014,Angle Valve 1/2turn lirlee,1.3333333333333333,2.0,0.3333333333333333,0.5
AQU001,C/S/G Aqua Gloss Deep 4l,0.0,0.0,0.0,0.0
ARA003,Araldite Glue,5.333333333333333,6.0,1.3333333333333333,1.5
ART001,Artist Brush Pkts,9.333333333333334,0.0,2.3333333333333335,2.3333333333333335
ART003,Artist Brush Pcs,0.0,1.0,0.0,0.25
ASI002,Asian Toilet,0.3333333333333333,0.0,0.08333333333333333,0.08333333333333333
AXE003,Axe 3.5LB,1.0,1.0,0.25,0.25
AXE004,Axe 3LB,0.0,0.0,0.0,0.0
BAL004,Ball Cork 1,0.3333333333333333,0.0,0.08333333333333333,0.08333333333333333
BAL005,Ball Cork 1/2,0.0,0.0,0.0,0.0
BAL006,Ball Cork 11/2,0.0,0.0,0.0,0.0
BAL007,Ball Cork 11/4,0.0,0.0,0.0,0.0
BAL010,Ball Fitting Bulb,2.0,0.0,0.5,0.5
BAL011,Ball Valve 1 Pegler,2.0,4.0,0.5,1.0
BAL012,Ball Valve 1/2 Pegler,1.3333333333333333,1.0,0.3333333333333333,0.3333333333333333
BAL014,Ball Valve 3/4 Pegler,4.666666666666667,1.0,1.1666666666666667,1.1666666666666667
BAL017,Ballast Dust Wheelbarrow,0.3333333333333333,0.0,0.08333333333333333,0.08333333333333333
BAL020,Ballast Mchele Wheelbarrow,0.3333333333333333,0.0,0.08333333333333333,0.08333333333333333
BAL024,Ball Valve 11/4 pegler,0.0,0.0,0.0,0.0
BAL025,Ball Cork 3/4,1.0,3.0,0.25,0.75
BAL026,Ball Valve 3/4-Lirlee,0.0,0.0,0.0,0.0
BAM002,Bamburi Nguvu,456.6666666666667,0.0,114.16666666666667,114.16666666666667
BAM004,Bamburi Powermax,590.0,30.0,147.5,147.5
BAM005,Bamburi Tembo,6182.333333333333,2257.0,1545.5833333333335,1545.5833333333335
BAR001,Barbed Wire 480m,1.3333333333333333,6.0,0.3333333333333333,1.5
BAR002,Barbed Wire 610m,2.3333333333333335,8.0,0.5833333333333334,2.0
BAS032,Base Sgylw 4l,0.6666666666666666,0.0,0.16666666666666666,0.16666666666666666
BAS067,Basin & Pedestal,0.0,0.0,0.0,0.0
BAS070,Basin Screw Small,0.0,0.0,0.0,0.0
BAS077,Basin Screw Big,0.0,0.0,0.0,0.0
BED003,Bed Bolts 5,2.3333333333333335,1.0,0.5833333333333334,0.5833333333333334
BED004,Bed Bolts 6,6.333333333333333,2.0,1.5833333333333335,1.5833333333333335
BIN001,Binding Wire 1kg,92.66666666666667,20.0,23.166666666666668,23.166666666666668
BIN002,Binding Wire 17kg,45.0,0.0,11.25,11.25
BIN003,Binding Wire 23kg,13.333333333333334,0.0,3.3333333333333335,3.3333333333333335
BIN005,Binding Wire 15KG,144.0,282.0,36.0,70.5
BLA001,Black Oxide,4.0,0.0,1.0,1.0
BLA002,Black Pipe 1,0.0,0.0,0.0,0.0
BLA003,Black Pipe 11/2,1.0,0.0,0.25,0.25
BLA005,Black Pipe 2,0.3333333333333333,0.0,0.08333333333333333,0.08333333333333333
BLA007,Black Pipe 3/4,0.0,0.0,0.0,0.0
BLA008,Black Pipe 4,0.3333333333333333,0.0,0.08333333333333333,0.08333333333333333
BLA009,Black Sheet 8x4x14g,0.6666666666666666,0.0,0.16666666666666666,0.16666666666666666
BLA010,Black Sheet 8x4x16g,16.666666666666668,2.0,4.166666666666667,4.166666666666667
BLA011,Black Sheet 8x4x18g(0.8mm),4.0,6.0,1.0,1.5
BLA016,Blanking Cover Double,3.0,4.0,0.75,1.0
BLA017,Blanking Cover Single,3.0,0.0,0.75,0.75
BLA019,BLACKSHEET 8X4X3MM,0.3333333333333333,0.0,0.08333333333333333,0.08333333333333333
BLO001,Blockboard 1,1.3333333333333333,0.0,0.3333333333333333,0.3333333333333333
BLO002,Blockboard 3/4,6.333333333333333,1.0,1.5833333333333335,1.5833333333333335
BLU001,Blue Triangle Cement,66.66666666666667,0.0,16.666666666666668,16.666666666666668
BOD007,Bodyfiller 1/2kg,1.6666666666666667,1.0,0.4166666666666667,0.4166666666666667
BOD008,Bodyfiller 1kg,1.6666666666666667,1.0,0.4166666666666667,0.4166666666666667
BOD009,Body filler 2.5kg,1.6666666666666667,2.0,0.4166666666666667,0.5
BOD010,Bodyfiller 4.5kg neo,2.6666666666666665,1.0,0.6666666666666666,0.6666666666666666
BOL002,Bolt & Nut 10x2,11.333333333333334,0.0,2.8333333333333335,2.8333333333333335
BOL003,Bolt & Nut 10x21/2,5.333333333333333,0.0,1.3333333333333333,1.3333333333333333
BOL004,Bolt & Nut 10x3,4.333333333333333,0.0,1.0833333333333333,1.0833333333333333
BOL009,Bolt & Nut No 13,0.0,0.0,0.0,0.0
BOR001,Bordex 1kg,1.0,0.0,0.25,0.25
BOR003,Bordex 300g,1.3333333333333333,0.0,0.3333333333333333,0.3333333333333333
BOS001,Boss White 200g,1.0,1.0,0.25,0.25
BOS002,Boss White 400g,3.3333333333333335,2.0,0.8333333333333334,0.8333333333333334
BOS007,Bosch Cutting Slim 9,7.333333333333333,0.0,1.833333333333333,1.833333333333333
BOT001,Bottle Trap 11/2 malpine,0.0,0.0,0.0,0.0
BOT002,Bottle Trap 11/4 Malpine,0.0,0.0,0.0,0.0
BOT007,"Magic Connector Plastic 11/2""",1.0,1.0,0.25,0.25
BOT009,"Magic Connector Plastic 11/4""",1.3333333333333333,2.0,0.3333333333333333,0.5
BOT010,Bottle Trap Viega 1 1/4,2.0,2.0,0.5,0.5
BOT011,Bottle Trap Viega 11/2,3.0,1.0,0.75,0.75
BRA001,Construction Net Mtrs,12.666666666666666,21.0,3.166666666666667,5.25
BRC001,Brc 610,2.0,0.0,0.5,0.5
BRC003,Brc A142 Std,21.0,14.0,5.25,5.25
BRC004,Brc A66,1.0,0.0,0.25,0.25
BRC005,Brc A98 Std,8.666666666666666,6.0,2.1666666666666665,2.1666666666666665
BRO001,Broom/Rake Handles,31.666666666666668,23.0,7.916666666666666,7.916666666666666
BRU001,Brush Fixtec 1,5.666666666666667,4.0,1.4166666666666667,1.4166666666666667
BRU002,Brush Fixtec 2,13.666666666666666,4.0,3.4166666666666665,3.4166666666666665
BRU003,Brush Fixtec 3,9.333333333333334,0.0,2.3333333333333335,2.3333333333333335
BRU004,Brush Fixtec 4,14.333333333333334,20.0,3.583333333333333,5.0
BRU005,Brush Fixtec 6,19.333333333333332,12.0,4.833333333333333,4.833333333333333
BRU006,Brush Premium 1,3.0,1.0,0.75,0.75
BRU007,Brush Premium 2,19.666666666666668,22.0,4.916666666666667,5.5
BRU009,Brush Premium 3,12.666666666666666,14.0,3.166666666666667,3.5
BRU010,Brush Premium 4,23.0,11.0,5.75,5.75
BRU011,Brush Premium 5,3.0,10.0,0.75,2.5
BRU012,Brush Premium 6,22.0,21.0,5.5,5.5
BRU013,Brush Fixtec 5,0.0,0.0,0.0,0.0
BUC001,Buckets,41.666666666666664,66.0,10.416666666666666,16.5
BUL001,Bulb Energy Saver Pin 7w,3.0,8.0,0.75,2.0
BUL002,Bulb Energy Saver Pin 9w,10.333333333333334,0.0,2.5833333333333335,2.5833333333333335
BUL003,Bulb Energy Saver Screw 7w,5.0,15.0,1.25,3.75
BUL004,Bulb Eneryg Saver Screw 9w,0.0,0.0,0.0,0.0
BUL007,Bulb Holder Angle,0.0,0.0,0.0,0.0
BUL008,Bulb Holder Ceiling Rose,1.6666666666666667,0.0,0.4166666666666667,0.4166666666666667
BUL010,Bulb Holder Screw,0.0,0.0,0.0,0.0
BUL011,Bulb Holder Straight,9.333333333333334,0.0,2.3333333333333335,2.3333333333333335
BUL012,Bulbs 100w,0.0,0.0,0.0,0.0
BUL013,Bulbs 40w,0.0,0.0,0.0,0.0
BUL014,Bulbs 60w,0.0,0.0,0.0,0.0
BUL015,Bulk Head Fitting,0.0,0.0,0.0,0.0
BUS001,"Bush JK 1""",0.6666666666666666,4.0,0.16666666666666666,1.0
BUS002,"Bush JK 1/2""",0.0,2.0,0.0,0.5
BUS005,"Bush JK 3/4""",7.0,3.0,1.75,1.75
BUS008,Bush Ball 11/4x4,1.6666666666666667,10.0,0.4166666666666667,2.5
BUS009,Bush Ball 1x4,26.666666666666668,12.0,6.666666666666667,6.666666666666667
BUS010,Bush Ball 3/4x4,4.666666666666667,4.0,1.1666666666666667,1.1666666666666667
BUS015,Bush Smooth 1,15.0,4.0,3.75,3.75
BUS016,Bush Smooth 11/2,0.6666666666666666,0.0,0.16666666666666666,0.16666666666666666
BUS017,Bush Smooth 11/4,7.666666666666667,6.0,1.916666666666667,1.916666666666667
BUS018,Bush Smooth 3/4,8.666666666666666,4.0,2.1666666666666665,2.1666666666666665
BUS019,Bush smooth 1/2,12.0,0.0,3.0,3.0
BUT001,Butterfly Bush 1',6.333333333333333,0.0,1.5833333333333335,1.5833333333333335
BUT004,Button Door,0.0,0.0,0.0,0.0
BUT005,Butterfly Bush 3/4,3.6666666666666665,0.0,0.9166666666666665,0.9166666666666665
BUT006,"Butterfly Bush 1"" imported",20.333333333333332,62.0,5.083333333333333,15.5
BUT007,"Butterfly Bush 3/4"" imported",10.666666666666666,71.0,2.6666666666666665,17.75
C/ 004,C/ Transeal 1l,1.3333333333333333,1.0,0.3333333333333333,0.3333333333333333
C/ 005,C/ Transeal 4l,2.6666666666666665,5.0,0.6666666666666666,1.25
C/ 006,C/ Varnish Stain Mah 1l,0.3333333333333333,3.0,0.08333333333333333,0.75
C/ 007,C/ Varnish Stain Mah 4l,0.0,0.0,0.0,0.0
C/E001,C/S/G Aqua Glow Accent 4l,0.3333333333333333,0.0,0.08333333333333333,0.08333333333333333
C/E004,C/E Covermatt White 1l,7.333333333333333,6.0,1.833333333333333,1.833333333333333
C/E005,C/E Covermatt White 20l,27.0,51.0,6.75,12.75
C/E006,C/E Covermatt White 4l,14.0,15.0,3.5,3.75
C/E007,C/E Matt Accent Base 1l,1.3333333333333333,1.0,0.3333333333333333,0.3333333333333333
C/E008,C/E Matt Accent Base 20l,0.3333333333333333,0.0,0.08333333333333333,0.08333333333333333
C/E009,C/E Matt Accent Base 4l,1.3333333333333333,1.0,0.3333333333333333,0.3333333333333333
C/E014,C/E Matt Black 4l,0.3333333333333333,3.0,0.08333333333333333,0.75
C/E015,C/E Matt Deep Base 1l,0.0,0.0,0.0,0.0
C/E016,C/E Matt Deep Base 20l,0.0,0.0,0.0,0.0
C/E017,C/E Matt Deep Base 4l,0.0,1.0,0.0,0.25
C/E018,C/E Matt Pastel Base 1l,2.3333333333333335,4.0,0.5833333333333334,1.0
C/E019,C/E Matt Pastel Base 20l,4.333333333333333,5.0,1.0833333333333333,1.25
C/E020,C/E Matt Pastel Base 4l,5.333333333333333,7.0,1.3333333333333333,1.75
C/E025,C/E Silicon Accent Base 1l,1.6666666666666667,6.0,0.4166666666666667,1.5
C/E026,C/E Silicon Accent Base 20l,2.0,0.0,0.5,0.5
C/E027,C/E Silicon Accent Base 4l,3.3333333333333335,7.0,0.8333333333333334,1.75
C/E029,C/E Silicon B/White 20l,1.6666666666666667,0.0,0.4166666666666667,0.4166666666666667
C/E030,C/E Silicon B/White 4l,0.6666666666666666,0.0,0.16666666666666666,0.16666666666666666
C/E031,C/E Silicon Black 1l,0.3333333333333333,0.0,0.08333333333333333,0.08333333333333333
C/E032,C/E Silicon Black 4l,1.0,1.0,0.25,0.25
C/E033,C/E Silicon Deep Base 1l,2.3333333333333335,0.0,0.5833333333333334,0.5833333333333334
C/E034,C/E Silicon Deep Base 20l,0.0,4.0,0.0,1.0
C/E035,C/E Silicon Deep Base 4l,2.3333333333333335,0.0,0.5833333333333334,0.5833333333333334
C/E036,C/E Silicon Pastel Base 1l,6.333333333333333,2.0,1.5833333333333335,1.5833333333333335
C/E037,C/E Silicon Pastel Base 20l,8.0,8.0,2.0,2.0
C/E038,C/E Silicon Pastel Base 4l,7.0,6.0,1.75,1.75
C/E040,C/E Silk Accent Base 1l,2.3333333333333335,8.0,0.5833333333333334,2.0
C/E041,C/E Silk Accent Base 20l,0.3333333333333333,0.0,0.08333333333333333,0.08333333333333333
C/E042,C/E Silk Accent Base 4l,2.6666666666666665,1.0,0.6666666666666666,0.6666666666666666
C/E044,C/E Silk Deep Base 1l,2.6666666666666665,7.0,0.6666666666666666,1.75
C/E045,C/E Silk Deep Base 20l,0.6666666666666666,1.0,0.16666666666666666,0.25
C/E046,C/E Silk Deep Base 4l,1.0,9.0,0.25,2.25
C/E047,C/E Silk Pastel Base 1l,9.666666666666666,20.0,2.4166666666666665,5.0
C/E048,C/E Silk Pastel Base 20l,6.666666666666667,24.0,1.6666666666666667,6.0
C/E049,C/E Silk Pastel Base 4l,18.333333333333332,36.0,4.583333333333333,9.0
C/S002,C/S/G Accent Base 4l,8.0,2.0,2.0,2.0
C/S003,C/S/G Accent Base 1l,10.666666666666666,6.0,2.6666666666666665,2.6666666666666665
C/S009,C/S/G Black 1l,6.0,1.0,1.5,1.5
C/S010,C/S/G Black BITUMINOUS 4l,2.3333333333333335,0.0,0.5833333333333334,0.5833333333333334
C/S011,C/S/G Black Board Paint 4l,0.3333333333333333,0.0,0.08333333333333333,0.08333333333333333
C/S012,C/S/G C/Varnish H/G 1l,5.0,2.0,1.25,1.25
C/S013,C/S/G C/Varnish H/G 4l,9.666666666666666,15.0,2.4166666666666665,3.75
C/S014,C/S/G Clear Varnish Matt 1l,0.3333333333333333,1.0,0.08333333333333333,0.25
C/S016,C/S/G Clear Varnish Nc 4l,0.6666666666666666,1.0,0.16666666666666666,0.25
C/S017,C/S/G Deep Base 1l,1.0,4.0,0.25,1.0
C/S018,C/S/G Deep Base 4l,0.6666666666666666,4.0,0.16666666666666666,1.0
C/S020,C/S/G Eggshell Accent Base 1l,1.3333333333333333,0.0,0.3333333333333333,0.3333333333333333
C/S021,C/S/G Eggshell Accent Base 4l,0.0,1.0,0.0,0.25
C/S022,C/S/G Eggshell Black 1l,0.6666666666666666,0.0,0.16666666666666666,0.16666666666666666
C/S023,C/S/G Eggshell Black 4l,0.0,3.0,0.0,0.75
C/S024,C/S/G Eggshell Deep Base 1l,0.0,0.0,0.0,0.0
C/S025,C/S/G Eggshell Deep Base 4l,0.3333333333333333,0.0,0.08333333333333333,0.08333333333333333
C/S026,C/S/G Eggshell Pastel 1l,0.0,0.0,0.0,0.0
C/S027,C/S/G Eggshell Pastel 4l,0.6666666666666666,1.0,0.16666666666666666,0.25
C/S029,C/S/G Floor Paint Red Oxide 1l,0.3333333333333333,0.0,0.08333333333333333,0.08333333333333333
C/S031,C/S/G Floor Paint Red Oxide 4L,0.0,0.0,0.0,0.0
C/S037,C/S/G Clear Varnish Matt 4l,1.0,6.0,0.25,1.5
C/S038,C/S/G Matt Finish Black 1l,3.0,3.0,0.75,0.75
C/S039,C/S/G Matt Finish Black 4l,2.6666666666666665,1.0,0.6666666666666666,0.6666666666666666
C/S041,C/S/G Mulipurpose Varnish 1,0.3333333333333333,3.0,0.08333333333333333,0.75
C/S042,C/S/G Mulipurpose Varnish 4,0.0,0.0,0.0,0.0
C/S043,C/S/G Nc Clear Lacquer 1l,0.6666666666666666,0.0,0.16666666666666666,0.16666666666666666
C/S044,C/S/G Nc Clear Lacquer 4l,0.6666666666666666,0.0,0.16666666666666666,0.16666666666666666
C/S046,C/S/G Pastel Base 1l,7.666666666666667,3.0,1.916666666666667,1.916666666666667
C/S047,C/S/G Pastel Base 4l,11.333333333333334,14.0,2.8333333333333335,3.5
C/S048,C/S/G Roadline White 4l,1.3333333333333333,0.0,0.3333333333333333,0.3333333333333333
C/S050,C/S/G Roadline Yellow 4l,0.0,2.0,0.0,0.5
C/S053,C/S/G Roof Green 4l,0.3333333333333333,0.0,0.08333333333333333,0.08333333333333333
C/S058,C/S/G Ruff & Tuff 30l-Normal,18.666666666666668,6.0,4.666666666666667,4.666666666666667
C/S059,C/S/G S/White 1l,0.0,0.0,0.0,0.0
C/S061,C/S/G Sanding Sealer 1l,3.6666666666666665,8.0,0.9166666666666665,2.0
C/S062,C/S/G Sanding Sealer 4l,9.333333333333334,34.0,2.3333333333333335,8.5
C/S068,C/S/G Thinner For Roadline 5L,1.0,0.0,0.25,0.25
C/S069,C/S/G Twopack Thinner 1l,0.6666666666666666,0.0,0.16666666666666666,0.16666666666666666
C/S070,C/S/G Twopack Thinner 5l,3.0,0.0,0.75,0.75
C/S071,C/S/G Twopack V/Gloss 1l,0.6666666666666666,1.0,0.16666666666666666,0.25
C/S072,C/S/G Twopack V/Gloss 4l,0.3333333333333333,1.0,0.08333333333333333,0.25
C/S074,C/S/G Twopack V/Matt 4l,0.0,0.0,0.0,0.0
C/S075,C/S/G Undercoat 1l,3.3333333333333335,3.0,0.8333333333333334,0.8333333333333334
C/S076,C/S/G Undercoat 4l,5.0,14.0,1.25,3.5
C/S077,C/S/G Varnish Mahogany 1L,1.6666666666666667,1.0,0.4166666666666667,0.4166666666666667
C/S078,C/S/G Vesta Black 1l,1.0,0.0,0.25,0.25
C/S079,C/S/G Vesta Black 4l,0.6666666666666666,0.0,0.16666666666666666,0.16666666666666666
C/S081,C/S/G Vesta Grey Oxide 1l-primer,8.333333333333334,1.0,2.0833333333333335,2.0833333333333335
C/S083,C/S/G Vesta Red Oxide 1l,0.6666666666666666,0.0,0.16666666666666666,0.16666666666666666
C/S084,C/S/G Vesta Red Oxide 4l,0.3333333333333333,2.0,0.08333333333333333,0.5
C/S086,C/S/G Vesta White 1l,0.3333333333333333,0.0,0.08333333333333333,0.08333333333333333
C/S087,C/S/G Vesta White 4l,0.0,1.0,0.0,0.25
C/S089,C/S/G Wood Primer White 4l,0.0,0.0,0.0,0.0
CAB001,Cable Clips 10mm,4.666666666666667,0.0,1.1666666666666667,1.1666666666666667
CAB002,Cable Clips 12mm,1.3333333333333333,2.0,0.3333333333333333,0.5
CAB003,Cable Clips 9mm,0.3333333333333333,4.0,0.08333333333333333,1.0
CAB005,Cable Clips Round 10mm,3.6666666666666665,1.0,0.9166666666666665,0.9166666666666665
CAB006,Cable Ties 10,3.6666666666666665,1.0,0.9166666666666665,0.9166666666666665
CAB007,Cable Ties 12,2.3333333333333335,0.0,0.5833333333333334,0.5833333333333334
CAB008,Cable Ties 14,2.3333333333333335,3.0,0.5833333333333334,0.75
CAB009,Cable Ties 6,3.6666666666666665,1.0,0.9166666666666665,0.9166666666666665
CAB010,Cable Ties 8,1.3333333333333333,0.0,0.3333333333333333,0.3333333333333333
CAB011,Cable Ties Pcs,22.0,17.0,5.5,5.5
CAB014,Cable Clips 8mm,0.0,0.0,0.0,0.0
CAL001,Caliper,0.0,0.0,0.0,0.0
CAR004,Carpet Brush,2.3333333333333335,6.0,0.5833333333333334,1.5
CEA001,C/S/G Aqua Glow Pastel 4L,0.6666666666666666,0.0,0.16666666666666666,0.16666666666666666
CEC001,C/E Covermatt Pastel 20l,0.6666666666666666,0.0,0.16666666666666666,0.16666666666666666
CEI001,Ceiling Board Flowered,6.0,0.0,1.5,1.5
CEI002,Ceiling Board Plain,1.3333333333333333,4.0,0.3333333333333333,1.0
CEM001,Cement In Kgs,118.13333333333333,99.0,29.53333333333333,29.53333333333333
CEN001,Center Stopper,10.666666666666666,10.0,2.6666666666666665,2.6666666666666665
CER001,Ceramic Cistern,0.0,0.0,0.0,0.0
CER003,Cerrazo 5l,2.0,0.0,0.5,0.5
CEV002,C/S/G Vesta Primer Grey Oxide 4l,20.0,19.0,5.0,5.0
CHA001,Chain 1/4,1.3333333333333333,2.0,0.3333333333333333,0.5
CHA002,Chain 3/16,2.0,2.0,0.5,0.5
CHA005,Chain Link 4ft,1.6666666666666667,3.0,0.4166666666666667,0.75
CHA006,Chain Link 5ft,0.6666666666666666,12.0,0.16666666666666666,3.0
CHA007,Chain Link 6ft,5.0,1.0,1.25,1.25
CHA008,Chain Link 7ft,1.6666666666666667,1.0,0.4166666666666667,0.4166666666666667
CHA009,Chain Link 8ft,2.6666666666666665,6.0,0.6666666666666666,1.5
CHA011,Chair Rubber Square 1,0.0,0.0,0.0,0.0
CHA012,Chair Rubber Square 2,0.0,0.0,0.0,0.0
CHA014,Chalk pcs,80.0,244.0,20.0,61.0
CHA015,Chalk Line,1.0,0.0,0.25,0.25
CHA016,Chalk Carton,7.0,9.0,1.75,2.25
CHA017,Chalk Pkt,0.0,0.0,0.0,0.0
CHE001,Chequered Plate 16g,0.0,0.0,0.0,0.0
CHI001,Chicken Wire 1/2x30 MTRS,18.333333333333332,0.0,4.583333333333333,4.583333333333333
CHI004,Chicken Wire Roll 1/2x30,18.666666666666668,18.0,4.666666666666667,4.666666666666667
CHI006,MDF Particle White,1.6666666666666667,0.0,0.4166666666666667,0.4166666666666667
CHI009,Chisel 3/4,0.0,0.0,0.0,0.0
CHR001,Chrome Brackets 1,5.0,0.0,1.25,1.25
CHR003,Chrome Brackets 3/4,0.3333333333333333,0.0,0.08333333333333333,0.08333333333333333
CHR004,Chrome Pipe 1,2.3333333333333335,0.0,0.5833333333333334,0.5833333333333334
CHR005,Chrome Pipe 3/4,0.0,0.0,0.0,0.0
CIR002,Circular Blade 4.5,1.6666666666666667,1.0,0.4166666666666667,0.4166666666666667
CIR003,Circular Blade 7,1.3333333333333333,4.0,0.3333333333333333,1.0
CIR004,Circular Blade 9,5.333333333333333,1.0,1.3333333333333333,1.3333333333333333
CIR005,Circular Box 1way 25mm,0.6666666666666666,0.0,0.16666666666666666,0.16666666666666666
CIR006,Circular Box 2way,1.6666666666666667,0.0,0.4166666666666667,0.4166666666666667
CIR007,Circular Box 3way 20mm,20.666666666666668,10.0,5.166666666666667,5.166666666666667
CIR008,Circular Box 3way 25mm,12.0,0.0,3.0,3.0
CIR009,Circular Box 4way 20mm,191.66666666666666,284.0,47.916666666666664,71.0
CIR010,Circular Box 4way 25mm,12.333333333333334,67.0,3.083333333333334,16.75
CIR011,Circular Box 1 way 20MM,0.0,3.0,0.0,0.75
CIS001,Cistern Ball Valve,0.3333333333333333,0.0,0.08333333333333333,0.08333333333333333
CIS005,Cistern Low Lever,0.0,0.0,0.0,0.0
CIS006,Cistern Top Flush,1.0,2.0,0.25,0.5
CLA001,Claw Bar 4ft,2.6666666666666665,6.0,0.6666666666666666,1.5
CLA002,Claw Bar 5ft,1.6666666666666667,1.0,0.4166666666666667,0.4166666666666667
CLA003,Claw Bar 6ft,3.0,0.0,0.75,0.75
CLE001,Cleanox 1l,0.3333333333333333,1.0,0.08333333333333333,0.25
CLE004,Clear Tape Big,6.0,6.0,1.5,1.5
CLO001,Close Couple Ball Valve,0.6666666666666666,0.0,0.16666666666666666,0.16666666666666666
CLO004,Close Couple Set,0.6666666666666666,0.0,0.16666666666666666,0.16666666666666666
COA001,Coast Calcium,52.0,13.0,13.0,13.0
COA002,Coat Hook Double,0.0,0.0,0.0,0.0
COA003,Coat Hook Single,0.0,0.0,0.0,0.0
COF001,Coffee Tray Roll,0.3333333333333333,1.0,0.08333333333333333,0.25
COF002,Coffee Tray Mtrs,3.8333333333333335,15.0,0.9583333333333335,3.75
COL001,Colorant Ext Orange,0.0,0.0,0.0,0.0
COL004,Colorant Fast Black,8.666666666666666,0.0,2.1666666666666665,2.1666666666666665
COL005,Colorant Fast Blue,1.0,0.0,0.25,0.25
COL006,Colorant Fast Green,0.3333333333333333,0.0,0.08333333333333333,0.08333333333333333
COL007,Colorant Fast Magenta,3.6666666666666665,0.0,0.9166666666666665,0.9166666666666665
COL008,Colorant Fast Red Oxide,1.0,0.0,0.25,0.25
COL009,Colorant Fast Violet,0.6666666666666666,0.0,0.16666666666666666,0.16666666666666666
COL010,Colorant Fast Yellow Oxide,0.6666666666666666,0.0,0.16666666666666666,0.16666666666666666
COL011,Colorant Ht Blue,1.3333333333333333,0.0,0.3333333333333333,0.3333333333333333
COL013,Colorant Ht White,7.333333333333333,0.0,1.833333333333333,1.833333333333333
COL016,Colorant Tmed Yellow,1.0,0.0,0.25,0.25
COM001,Complete Hinges 1,3.0,0.0,0.75,0.75
CON001,Conduit 20mm,84.33333333333333,0.0,21.083333333333332,21.083333333333332
CON002,Conduit 25mm,28.0,0.0,7.0,7.0
CON003,Conduit 32mm,3.6666666666666665,0.0,0.9166666666666665,0.9166666666666665
CON004,Conduit 38mm,1.0,4.0,0.25,1.0
CON006,Conduit Metro 20mm,886.3333333333334,651.0,221.58333333333334,221.58333333333334
CON007,Conduit Metro 25mm,164.33333333333334,293.0,41.083333333333336,73.25
CON008,Conduit Metro 32mm,62.333333333333336,16.0,15.583333333333334,15.583333333333334
CON009,Conduit Metro 38mm,1.3333333333333333,0.0,0.3333333333333333,0.3333333333333333
CON010,Conduit Metro 50mm,12.666666666666666,13.0,3.166666666666667,3.25
CON012,Construction Net,4.0,6.0,1.0,1.5
CON013,Consumer Unit 10way,2.0,0.0,0.5,0.5
CON014,Consumer Unit 14way,0.3333333333333333,0.0,0.08333333333333333,0.08333333333333333
CON015,Consumer Unit 4way,1.3333333333333333,1.0,0.3333333333333333,0.3333333333333333
CON016,Consumer Unit 6way,0.6666666666666666,0.0,0.16666666666666666,0.16666666666666666
CON017,Consumer Unit 8way,0.6666666666666666,0.0,0.16666666666666666,0.16666666666666666
CON021,Conta 1/2kg,1.6666666666666667,3.0,0.4166666666666667,0.75
CON022,Conta 1/4kg,2.3333333333333335,3.0,0.5833333333333334,0.75
CON023,Conta 100ml,0.6666666666666666,4.0,0.16666666666666666,1.0
CON024,Conta 1kg,1.3333333333333333,4.0,0.3333333333333333,1.0
CON025,Conta 4kg,2.3333333333333335,5.0,0.5833333333333334,1.25
CON026,Conta 50ml,2.6666666666666665,5.0,0.6666666666666666,1.25
CON028,Consumer Unit 12way,0.0,0.0,0.0,0.0
COO002,Cooker Unit Socket,0.3333333333333333,0.0,0.08333333333333333,0.08333333333333333
COR004,Corner Strip Aluminium,28.666666666666668,0.0,7.166666666666666,7.166666666666666
COR006,Corner Strip Gold,0.0,0.0,0.0,0.0
COR007,Corner Strip L Shaped,44.333333333333336,164.0,11.083333333333334,41.0
COR008,Corner Strip Plastic White,0.6666666666666666,1.0,0.16666666666666666,0.25
COR010,Gypsum Corner Tape,6.666666666666667,20.0,1.6666666666666667,5.0
COR011,Cornace Super Fix 5kg,0.0,0.0,0.0,0.0
COU001,Counter Sunk Screw 1,2.0,7.0,0.5,1.75
COU002,Counter Sunk Screw 1.5,0.0,1.0,0.0,0.25
COU004,Counter Sunk Screw 2,3.6666666666666665,0.0,0.9166666666666665,0.9166666666666665
COU009,Couplers 20mm,1407.6666666666667,2470.0,351.9166666666667,617.5
COU010,Couplers 25mm,263.0,500.0,65.75,125.0
COU011,Couplers 32mm,67.66666666666667,65.0,16.916666666666668,16.916666666666668
COU012,Couplers 38mm,4.333333333333333,10.0,1.0833333333333333,2.5
COU013,Couplers 50mm,40.333333333333336,14.0,10.083333333333334,10.083333333333334
CRO001,Crown Colorant B,8.0,4.0,2.0,2.0
CRO002,Crown Colorant C,4.0,1.0,1.0,1.0
CRO003,Crown Colorant D,0.6666666666666666,1.0,0.16666666666666666,0.25
CRO004,Crown Colorant E,0.6666666666666666,0.0,0.16666666666666666,0.16666666666666666
CRO005,Crown Colorant Ext Orange Us,0.3333333333333333,0.0,0.08333333333333333,0.08333333333333333
CRO006,Crown Colorant High Yellow-QS,1.3333333333333333,0.0,0.3333333333333333,0.3333333333333333
CRO007,Crown Colorant Kx,4.333333333333333,0.0,1.0833333333333333,1.0833333333333333
CRO008,Crown Colorant M/Yellow- T,1.3333333333333333,0.0,0.3333333333333333,0.3333333333333333
CRO009,Crown Colorant R,0.0,0.0,0.0,0.0
CRO010,Crown Colorant Raw Umber-L,1.0,0.0,0.25,0.25
CRO011,Crown Colorant Red Oxide-F,2.0,0.0,0.5,0.5
CRO012,Crown Colorant Rn,0.3333333333333333,0.0,0.08333333333333333,0.08333333333333333
CRO013,Crown Colorant V,1.3333333333333333,0.0,0.3333333333333333,0.3333333333333333
CRO014,Crown Colorant Violet-Zs,0.3333333333333333,0.0,0.08333333333333333,0.08333333333333333
CRO015,Crown Colorant Yellow An,0.3333333333333333,0.0,0.08333333333333333,0.08333333333333333
CRO016,Crown Colorant Yellow Axx,0.6666666666666666,0.0,0.16666666666666666,0.16666666666666666
CRO018,Crown Polyfilla 2.5kg,2.0,0.0,0.5,0.5
CRO024,Crown Wallputty 25kg,164.66666666666666,290.0,41.166666666666664,72.5
CRO025,Crown Wallputty 1kg,12.666666666666666,8.0,3.166666666666667,3.166666666666667
CRO026,C/S/G Ruff & Tuff Stoneless,5.0,0.0,1.25,1.25
CSG002,C/S/G Aqua Glow B/W 4l,0.6666666666666666,0.0,0.16666666666666666,0.16666666666666666
CSG003,C/E Vesta White 20l,0.3333333333333333,0.0,0.08333333333333333,0.08333333333333333
CSG004,C/S/G Varnish Mahogany 4L,0.0,1.0,0.0,0.25
CSG005,C/S/G Black 4l,6.666666666666667,4.0,1.6666666666666667,1.6666666666666667
CSG006,C/S/G Roadline Black 4l,1.0,0.0,0.25,0.25
CSG007,C/S/G Zinc phophate Grey 4 l,0.0,2.0,0.0,0.5
CSG009,C/S/G Ruff & Tuff 30l-White Base,0.0,3.0,0.0,0.75
CSG010,C/S/G Vesta Red Oxide 4l-Primer,0.6666666666666666,0.0,0.16666666666666666,0.16666666666666666
CSG011,C/S/G Ruff & Tuff 30l-Clear Base,26.333333333333332,0.0,6.583333333333332,6.583333333333332
CSG014,C/S/G Twopack C/Varnish Satin 4lt,1.3333333333333333,0.0,0.3333333333333333,0.3333333333333333
CUL001,Culvert 300mm,0.6666666666666666,0.0,0.16666666666666666,0.16666666666666666
CUL002,Culvert 450mm,4.666666666666667,0.0,1.1666666666666667,1.1666666666666667
CUR001,Curtain Balls Black,1.6666666666666667,0.0,0.4166666666666667,0.4166666666666667
CUR002,Curtain Balls Copper,0.0,0.0,0.0,0.0
CUR005,Curtain Balls White,1.3333333333333333,0.0,0.3333333333333333,0.3333333333333333
CUR008,Curtain Brackets White,0.0,0.0,0.0,0.0
CUR009,Curtain Caps Black,0.0,0.0,0.0,0.0
CUR010,Curtain Caps Copper,0.0,0.0,0.0,0.0
CUR011,Curtain Caps Gold,0.0,0.0,0.0,0.0
CUR012,Curtain Caps Silver,2.0,0.0,0.5,0.5
CUR013,Curtain Caps White,0.0,0.0,0.0,0.0
CUR018,Curtain Rod 2m,0.0,0.0,0.0,0.0
CUT001,Cut Out Double,0.3333333333333333,5.0,0.08333333333333333,1.25
CUT002,Cut Out Single,0.0,9.0,0.0,2.25
CUT006,Cutting Disk Diamond 4,30.666666666666668,24.0,7.666666666666668,7.666666666666668
CUT007,Cutting Disk Diamond 7,4.333333333333333,4.0,1.0833333333333333,1.0833333333333333
CUT008,Cutting Disk Diamond 9,17.666666666666668,16.0,4.416666666666667,4.416666666666667
CUT009,Cutting Disk Metal 4,9.333333333333334,0.0,2.3333333333333335,2.3333333333333335
CUT010,Grinding Disk 7.,30.333333333333332,51.0,7.583333333333333,12.75
CUT011,Cutting Disk Metal 9,45.666666666666664,36.0,11.416666666666666,11.416666666666666
CUT012,Cutting Disk Slim 4,51.666666666666664,50.0,12.916666666666666,12.916666666666666
CUT013,Cutting Disk Slim 9,182.33333333333334,261.0,45.583333333333336,65.25
CUT015,Cutting Disk Metal 7,4.666666666666667,2.0,1.1666666666666667,1.1666666666666667
CYP001,Syphone,0.3333333333333333,2.0,0.08333333333333333,0.5
CYP003,Syphon Top Flush,0.0,0.0,0.0,0.0
D 1001,D 10,6819.0,6820.0,1704.75,1705.0
D 1002,D 12,3314.0,2530.0,828.5,828.5
D 1003,D 16,1072.6666666666667,1284.0,268.1666666666667,321.0
D 2001,D 20,225.33333333333334,158.0,56.333333333333336,56.333333333333336
D 2002,D 25,52.0,113.0,13.0,28.25
D 3001,D 32,41.0,17.0,10.25,10.25
D 8001,D 8,6257.666666666667,6089.0,1564.416666666667,1564.416666666667
D/B002,D/Basco Black 1l,1.0,0.0,0.25,0.25
D/B003,D/Basco Black 4l,0.3333333333333333,0.0,0.08333333333333333,0.08333333333333333
D/B004,D/Basco Cream 1/2l,0.0,0.0,0.0,0.0
D/B005,D/Basco Cream 1l,0.0,0.0,0.0,0.0
D/B006,D/Basco White 1/2l,1.3333333333333333,0.0,0.3333333333333333,0.3333333333333333
D/B007,D/Basco White 1l,1.0,0.0,0.25,0.25
D/B008,D/Basco White 4l,1.3333333333333333,0.0,0.3333333333333333,0.3333333333333333
D/E004,D/E Matt Brilliant White 1l,0.0,0.0,0.0,0.0
D/E006,D/E Matt Brilliant White 4l,0.0,0.0,0.0,0.0
D/E008,D/E Sf Brill White 20l,11.333333333333334,10.0,2.8333333333333335,2.8333333333333335
D/E009,D/E Sf Brill White 4l,5.0,4.0,1.25,1.25
D/E010,D/E Sf Brilliant White 1l,1.6666666666666667,0.0,0.4166666666666667,0.4166666666666667
D/E012,D/E Silk S/White 4l,0.0,1.0,0.0,0.25
D/E014,D/E Silk White 1l,0.0,0.0,0.0,0.0
D/E015,D/E Silk White 4l,0.3333333333333333,0.0,0.08333333333333333,0.08333333333333333
D/G002,D/G Black 1l,0.0,0.0,0.0,0.0
D/G003,D/G Black 4l,0.0,1.0,0.0,0.25
D/S001,D/S/G White 1l,0.3333333333333333,0.0,0.08333333333333333,0.08333333333333333
D10003,D 10-Kifaru,364.0,0.0,91.0,91.0
D12003,D 12-Kifaru,173.33333333333334,0.0,43.333333333333336,43.333333333333336
D16003,D 16-Kifaru,78.0,229.0,19.5,57.25
D20002,D 20-Kifaru,36.666666666666664,0.0,9.166666666666666,9.166666666666666
D20004,D 20-Kifaru,157.33333333333334,0.0,39.333333333333336,39.333333333333336
D25001,D 25- Kifaru,231.33333333333334,0.0,57.833333333333336,57.833333333333336
D8K001,D 8 -Kifaru,316.6666666666667,0.0,79.16666666666667,79.16666666666667
DAM001,Variance/DG Goods Sold,0.6666666666666666,0.0,0.16666666666666666,0.16666666666666666
DAY010,Waterpump Dayliff 0.5HP,0.6666666666666666,0.0,0.16666666666666666,0.16666666666666666
DOO001,Door Bell Ding Dong,1.3333333333333333,0.0,0.3333333333333333,0.3333333333333333
DOO002,Door Bell Switch,3.6666666666666665,7.0,0.9166666666666665,1.75
DOO004,Door Frame 7ft,0.0,0.0,0.0,0.0
DOO005,Door Stopper,1.6666666666666667,0.0,0.4166666666666667,0.4166666666666667
DOO006,Door Stopper Steel,0.0,0.0,0.0,0.0
DOO013,Double Sided Tape,0.3333333333333333,0.0,0.08333333333333333,0.08333333333333333
DOV001,Dovetail Tank 1000l Rect,0.0,0.0,0.0,0.0
DOV007,Dovetail Tank 10000l,0.0,0.0,0.0,0.0
DOV008,Dovetail Tank 1000l,0.0,2.0,0.0,0.5
DOV011,Dovetail Tank 3000l,0.0,0.0,0.0,0.0
DOV012,Dovetail Tank 5000l,0.3333333333333333,1.0,0.08333333333333333,0.25
DOW001,Down Stoppers,31.333333333333332,165.0,7.833333333333334,41.25
DPC001,Dpc,13.0,13.0,3.25,3.25
DR 004,Dr Fixit Pidiproof 1l,6.666666666666667,8.0,1.6666666666666667,2.0
DR 005,Dr Fixit Pidiproof 20l,3.3333333333333335,4.0,0.8333333333333334,1.0
DR 006,Dr Fixit Pidiproof 5l,1.3333333333333333,0.0,0.3333333333333333,0.3333333333333333
DR 007,Dr Fixit Superlatex 1l,2.6666666666666665,0.0,0.6666666666666666,0.6666666666666666
DR 009,Dr Fixit Sureseal 1kg,2.0,0.0,0.5,0.5
DR 010,Dr Fixit Sureseal 5kg,1.0,0.0,0.25,0.25
DR 012,Dr Fixit Waterproof Powder,346.6666666666667,765.0,86.66666666666667,191.25
DRA001,Drain Opener 1kg,0.0,1.0,0.0,0.25
DRA005,Drawer Handle Small Gold,11.666666666666666,0.0,2.9166666666666665,2.9166666666666665
DRA007,Drawer Handles Brass 6,0.3333333333333333,0.0,0.08333333333333333,0.08333333333333333
DRA008,Drawer Handles Brass 9,3.3333333333333335,0.0,0.8333333333333334,0.8333333333333334
DRA014,Drawer Knobs,58.666666666666664,2.0,14.666666666666664,14.666666666666664
DRA016,Drawer Lock Evergood,3.0,0.0,0.75,0.75
DRA020,Drawer Rail D/Extension 12,0.0,0.0,0.0,0.0
DRA023,Drawer Rail D/Extension 16,0.3333333333333333,0.0,0.08333333333333333,0.08333333333333333
DRA024,Drawer Rail Hydro 18,1.0,0.0,0.25,0.25
DRA026,Drawer Rail Hydro 12,0.0,0.0,0.0,0.0
DRA028,Drawer Handles Brass 8,9.0,0.0,2.25,2.25
DRF001,Dr Fixit FastFlex 12kg,0.3333333333333333,1.0,0.08333333333333333,0.25
DRI002,Drill Bit 10mm,0.3333333333333333,4.0,0.08333333333333333,1.0
DRI004,Drill Bit 12mm,0.6666666666666666,0.0,0.16666666666666666,0.16666666666666666
DRI005,Drill Bit 14mm,1.3333333333333333,0.0,0.3333333333333333,0.3333333333333333
DRI006,Drill Bit 16mm,1.6666666666666667,0.0,0.4166666666666667,0.4166666666666667
DRI008,Drill Bit 3.5mm,2.6666666666666665,4.0,0.6666666666666666,1.0
DRI009,Drill Bit 3/16mm,1.3333333333333333,0.0,0.3333333333333333,0.3333333333333333
DRI010,Drill Bit 3mm,1.3333333333333333,4.0,0.3333333333333333,1.0
DRI012,Drill Bit 4mm,1.3333333333333333,10.0,0.3333333333333333,2.5
DRI013,Drill Bit 5mm,2.0,0.0,0.5,0.5
DRI014,Drill Bit 6mm,3.0,3.0,0.75,0.75
DRI016,Drill Bit 8mm,2.3333333333333335,1.0,0.5833333333333334,0.5833333333333334
DRI018,Drill Bit Hilt 10mm,1.0,3.0,0.25,0.75
DRI019,Drill Bit Hilt 12mm,2.6666666666666665,0.0,0.6666666666666666,0.6666666666666666
DRI022,Drill Bit Hilt 8mm,2.0,1.0,0.5,0.5
DRI026,Drill Bit Flat wood,1.0,0.0,0.25,0.25
DRI027,Drill Bit Flat wood Pcs,0.3333333333333333,1.0,0.08333333333333333,0.25
DRU002,Drum 220l,1.6666666666666667,3.0,0.4166666666666667,0.75
DRU004,Drum 240l,0.0,1.0,0.0,0.25
DUC001,Duct Tape,2.0,0.0,0.5,0.5
DUR004,Dura Skim Coat 25kg,103.0,9.0,25.75,25.75
DUS001,Dust Mask Pkt,2.0,1.0,0.5,0.5
DUS002,Dust Mask Plastic,1.0,0.0,0.25,0.25
DUS003,Dust Mask Pcs,12.333333333333334,22.0,3.083333333333334,5.5
EAR001,Earthrod 4FT,1.0,0.0,0.25,0.25
EAR002,Earthrod 5FT,0.3333333333333333,0.0,0.08333333333333333,0.08333333333333333
ELE001,Elec Bend 20mm,16.0,5.0,4.0,4.0
ELE002,Elec Bend 25mm,11.333333333333334,34.0,2.8333333333333335,8.5
ELE003,Elec Bend 32mm,47.333333333333336,9.0,11.833333333333334,11.833333333333334
ELE004,Elec Bend 38mm,3.3333333333333335,9.0,0.8333333333333334,2.25
ELE005,Elec Bend 50mm,7.333333333333333,0.0,1.833333333333333,1.833333333333333
ELE006,Elec Cable Flex 1.5mm mtrs,21.666666666666668,0.0,5.416666666666667,5.416666666666667
ELE007,Elec Cable Flex 2.5mm mtrs,46.666666666666664,30.0,11.666666666666666,11.666666666666666
ELE008,Elec Cable Single 1.5mm red mtrs,0.3333333333333333,0.0,0.08333333333333333,0.08333333333333333
ELE009,Elec Cable Single 1.5mm Black Roll,0.6666666666666666,0.0,0.16666666666666666,0.16666666666666666
ELE010,Elec Cable Single 1.5mm Green Roll,0.3333333333333333,0.0,0.08333333333333333,0.08333333333333333
ELE011,Elec Cable Single 1.5mm Red Roll,0.6666666666666666,0.0,0.16666666666666666,0.16666666666666666
ELE013,Elec Cable Single 2.5mm Red mtrs,10.0,0.0,2.5,2.5
ELE014,Elec Cable Single 2.5mm Black mtrs,10.0,0.0,2.5,2.5
ELE015,Elec Cable Single 2.5mm Green Roll,0.0,0.0,0.0,0.0
ELE016,Elec Cable Single 2.5mm Red Roll,0.3333333333333333,0.0,0.08333333333333333,0.08333333333333333
ELE018,Elec Cable Twin 1.5mm Roll Grey,0.6666666666666666,2.0,0.16666666666666666,0.5
ELE019,Elec Cable Twin 2.5mm Roll,1.0,1.0,0.25,0.25
ELE025,Elec Screws 4ba,0.0,0.0,0.0,0.0
ELE026,Elec Top Plug,4.666666666666667,3.0,1.1666666666666667,1.1666666666666667
ELE028,Electric Starter,0.0,0.0,0.0,0.0
ELE031,Elec Cable Single 1.5mm Black mtrs,6.666666666666667,0.0,1.6666666666666667,1.6666666666666667
ELE032,Elec Cable Single 1.5mm Green mtrs,0.0,0.0,0.0,0.0
ELE033,Elec Cable Single 2.5mm Black Roll,0.0,0.0,0.0,0.0
ELE034,Elec Cable Single 2.5mm Green mtrs,2.6666666666666665,0.0,0.6666666666666666,0.6666666666666666
ELE035,Elec Cable Twin 1.5mm Mtrs,30.333333333333332,40.0,7.583333333333333,10.0
ELE036,Elec Cable Twin 2.5mm Mtrs,50.666666666666664,38.0,12.666666666666668,12.666666666666668
ELE038,ELEC CABLE FLEX 2.5MM ROLL,0.3333333333333333,1.0,0.08333333333333333,0.25
EME001,Emery Cloth No. 0,14.0,81.0,3.5,20.25
EXP002,Expanded Metal Medium,2.3333333333333335,3.0,0.5833333333333334,0.75
EXT005,Extension Socket 4way,0.3333333333333333,0.0,0.08333333333333333,0.08333333333333333
EXT006,Extension Socket 6way,0.3333333333333333,0.0,0.08333333333333333,0.08333333333333333
EYE001,Eye Hook 4,0.0,0.0,0.0,0.0
EYE002,Eye Hook No 10,3.6666666666666665,0.0,0.9166666666666665,0.9166666666666665
EYE003,Eye Hook No 12,3.3333333333333335,0.0,0.8333333333333334,0.8333333333333334
EYE004,Eye Hook No 2,0.0,0.0,0.0,0.0
EYE005,Eye Hook No 3,0.0,21.0,0.0,5.25
EYE006,Eye Hook No 4,0.0,0.0,0.0,0.0
EYE007,Eye Hook No 6,0.3333333333333333,0.0,0.08333333333333333,0.08333333333333333
EYE008,Eye Hook No 8,23.333333333333332,12.0,5.833333333333333,5.833333333333333
FEV003,Fevicol Pur 150g,1.0,0.0,0.25,0.25
FEV004,Fevicol Pur 1kg,1.0,3.0,0.25,0.75
FEV005,Fevicol Pur 500gm,2.0,1.0,0.5,0.5
FIB001,FIBRE DISK,0.3333333333333333,0.0,0.08333333333333333,0.08333333333333333
FIL001,File 10 jk,3.6666666666666665,3.0,0.9166666666666665,0.9166666666666665
FIL002,File 12,0.6666666666666666,0.0,0.16666666666666666,0.16666666666666666
FIL003,File 8 jk,0.3333333333333333,3.0,0.08333333333333333,0.75
FIL004,File Round jk,0.0,0.0,0.0,0.0
FIL005,File Saw J.K,2.6666666666666665,4.0,0.6666666666666666,1.0
FLA001,Flap Disk 4,7.666666666666667,6.0,1.916666666666667,1.916666666666667
FLA002,Flap Disk 7,1.6666666666666667,2.0,0.4166666666666667,0.5
FLA003,Flush Door,0.6666666666666666,0.0,0.16666666666666666,0.16666666666666666
FLA007,Flusher Plugs pcs,288.0,5.0,72.0,72.0
FLA009,Flashing Handle L/G,0.3333333333333333,0.0,0.08333333333333333,0.08333333333333333
FLA010,Flat 11/2x1/4,6.0,19.0,1.5,4.75
FLA011,Flat 11/2x1/8,3.3333333333333335,9.0,0.8333333333333334,2.25
FLA013,Flat 1x1/4,7.666666666666667,0.0,1.916666666666667,1.916666666666667
FLA014,Flat 1x1/8,17.333333333333332,0.0,4.333333333333333,4.333333333333333
FLA015,Flat 2x1/4,0.3333333333333333,5.0,0.08333333333333333,1.25
FLA016,Flat 2x1/8,4.0,0.5,1.0,1.0
FLA017,Flat 3/4x1/4,3.6666666666666665,0.0,0.9166666666666665,0.9166666666666665
FLA018,Flat 3/4x1/8,16.0,0.0,4.0,4.0
FLE002,Flex Tube Metallic 1/2x1.5ft,8.666666666666666,7.0,2.1666666666666665,2.1666666666666665
FLE004,Flex Tube Plastic 1/2x2ft,4.0,1.0,1.0,1.0
FLE007,Flex Tube Plastic 1/2x1.5ft,0.6666666666666666,0.0,0.16666666666666666,0.16666666666666666
FLE009,Flex metallic Tube 1/2x2ft,2.0,2.0,0.5,0.5
FLE012,Flex Tube Metallic 1/2x1ft,8.0,5.0,2.0,2.0
FLE013,Flex conduit 20mm Mtrs,1.6666666666666667,1.0,0.4166666666666667,0.4166666666666667
FLE016,Flex conduit Roll 20mm White,16.666666666666668,0.0,4.166666666666667,4.166666666666667
FLE017,Flex conduit Roll 25mm white,0.6666666666666666,0.0,0.16666666666666666,0.16666666666666666
FLO001,Float Switch,0.6666666666666666,0.0,0.16666666666666666,0.16666666666666666
FLO006,Flourescent Fitting 2ft,0.0,0.0,0.0,0.0
FLO007,Flourescent Fitting 4ft,0.6666666666666666,1.0,0.16666666666666666,0.25
FLO010,Flourescent Tube 2ft,0.6666666666666666,1.0,0.16666666666666666,0.25
FLO011,Flourescent Tube 4ft,1.6666666666666667,0.0,0.4166666666666667,0.4166666666666667
FLU001,Flusher Plug pkts,8.666666666666666,1.0,2.1666666666666665,2.1666666666666665
FOO001,Foot Kamba 30mts,1.3333333333333333,2.0,0.3333333333333333,0.5
FOO002,Foot Kamba 50mts,1.3333333333333333,0.0,0.3333333333333333,0.3333333333333333
FOO003,Foot Valve 1 peggler,0.0,1.0,0.0,0.25
FOO004,Foot Valve 1/2,0.0,0.0,0.0,0.0
FOO006,Foot Valve 11/4,0.0,0.0,0.0,0.0
FOO007,Foot Valve 3/4 pegler,0.6666666666666666,0.0,0.16666666666666666,0.16666666666666666
FOO008,Foot Valve 3/4,1.0,0.0,0.25,0.25
FOO009,Foot Valve 1,1.3333333333333333,0.0,0.3333333333333333,0.3333333333333333
FOR001,Force Pump small,0.6666666666666666,0.0,0.16666666666666666,0.16666666666666666
FOR002,Fork Jembe 1.5LB,0.3333333333333333,2.0,0.08333333333333333,0.5
FOR003,Fork Jembe 2.5LB,5.0,6.0,1.25,1.5
FOR004,Fork Jembe 3.5LB,6.0,2.0,1.5,1.5
FOR005,Fork Jembe Combined,1.0,0.0,0.25,0.25
FOR006,Force Pump Big,0.6666666666666666,0.0,0.16666666666666666,0.16666666666666666
FRI001,Fridge Guard,0.3333333333333333,0.0,0.08333333333333333,0.08333333333333333
GAL003,Galvanised Wire Kgs,5.333333333333333,0.0,1.3333333333333333,1.3333333333333333
GAL006,Galvanized Wire 2mm,0.0,1.0,0.0,0.25
GAL007,Galvanized Wire 2.5mm,0.3333333333333333,0.0,0.08333333333333333,0.08333333333333333
GAT002,Gate Valve 1,1.6666666666666667,0.0,0.4166666666666667,0.4166666666666667
GAT003,Gate Valve 1/2,3.6666666666666665,0.0,0.9166666666666665,0.9166666666666665
GAT004,Gate Valve 11/2,1.0,1.0,0.25,0.25
GAT005,Gate Valve 11/4,1.0,3.0,0.25,0.75
GAT006,Gate Valve 2 pegler,0.0,0.0,0.0,0.0
GAT007,Gate Valve 3/4,15.333333333333334,19.0,3.833333333333334,4.75
GAT008,Gate Valve 1 pegler,5.333333333333333,11.0,1.3333333333333333,2.75
GI 001,Gi Back Nut 1,2.0,2.0,0.5,0.5
GI 002,Gi Back Nut 1/2,2.0,0.0,0.5,0.5
GI 004,Gi Back Nut 11/4,0.0,0.0,0.0,0.0
GI 006,Gi Back Nut 3/4,7.333333333333333,6.0,1.833333333333333,1.833333333333333
GI 007,Gi Barrel Nipple 1,1.6666666666666667,0.0,0.4166666666666667,0.4166666666666667
GI 008,Gi Barrel Nipple 1/2,1.0,5.0,0.25,1.25
GI 009,Gi Barrel Nipple 11/2,0.6666666666666666,0.0,0.16666666666666666,0.16666666666666666
GI 010,Gi Barrel Nipple 11/4,0.6666666666666666,0.0,0.16666666666666666,0.16666666666666666
GI 012,Gi Barrel Nipple 3/4,7.0,13.0,1.75,3.25
GI 015,Gi Bend 11/2,0.6666666666666666,0.0,0.16666666666666666,0.16666666666666666
GI 019,Gi Cup Female 1,0.3333333333333333,0.0,0.08333333333333333,0.08333333333333333
GI 020,Gi Cup Female 1/2,21.333333333333332,40.0,5.333333333333333,10.0
GI 023,Gi Cup Female 3/4,3.3333333333333335,13.0,0.8333333333333334,3.25
GI 024,Gi Elbow 1,0.6666666666666666,0.0,0.16666666666666666,0.16666666666666666
GI 025,Gi Elbow 1/2,3.6666666666666665,3.0,0.9166666666666665,0.9166666666666665
GI 026,Gi Elbow 11/2,0.0,1.0,0.0,0.25
GI 027,Gi Elbow 11/4,0.0,0.0,0.0,0.0
GI 029,Gi Elbow 3/4,1.0,0.0,0.25,0.25
GI 030,Gi Hex Nipple 1,0.6666666666666666,0.0,0.16666666666666666,0.16666666666666666
GI 031,Gi Hex Nipple 1/2,20.333333333333332,65.0,5.083333333333333,16.25
GI 032,Gi Hex Nipple 11/2,0.3333333333333333,2.0,0.08333333333333333,0.5
GI 033,Gi Hex Nipple 11/4,0.0,0.0,0.0,0.0
GI 034,Gi Hex Nipple 2,0.0,0.0,0.0,0.0
GI 035,Gi Hex Nipple 3/4,6.666666666666667,0.0,1.6666666666666667,1.6666666666666667
GI 036,Gi Long Thread Nipple 1,2.0,4.0,0.5,1.0
GI 037,Gi Long Thread Nipple 1/2,0.6666666666666666,0.0,0.16666666666666666,0.16666666666666666
GI 041,Gi Long Thread Nipple 3/4,3.6666666666666665,3.0,0.9166666666666665,0.9166666666666665
GI 042,Gi Plug Male 1,0.0,14.0,0.0,3.5
GI 043,Gi Plug Male 1/2,6.333333333333333,13.0,1.5833333333333335,3.25
GI 044,Gi Plug Male 11/4,0.0,0.0,0.0,0.0
GI 045,Gi Plug Male 3/4,2.3333333333333335,14.0,0.5833333333333334,3.5
GI 050,Gi Red Bush 1x1/2,1.3333333333333333,0.0,0.3333333333333333,0.3333333333333333
GI 056,Gi Red Bush 3/4x1/2,1.6666666666666667,5.0,0.4166666666666667,1.25
GI 062,Gi Red Socket 1x3/4,0.3333333333333333,0.0,0.08333333333333333,0.08333333333333333
GI 065,Gi Red Socket 3/4x1/2,0.3333333333333333,0.0,0.08333333333333333,0.08333333333333333
GI 067,Gi Red Tee 3/4x1/2,0.3333333333333333,0.0,0.08333333333333333,0.08333333333333333
GI 068,Gi Socket 1,3.6666666666666665,1.0,0.9166666666666665,0.9166666666666665
GI 069,Gi Socket 1/2,19.333333333333332,6.0,4.833333333333333,4.833333333333333
GI 070,Gi Socket 11/2,0.3333333333333333,0.0,0.08333333333333333,0.08333333333333333
GI 073,Gi Socket 3/4,4.0,8.0,1.0,2.0
GI 074,Gi Stand Pipe 1/2x1.5ft,1.6666666666666667,0.0,0.4166666666666667,0.4166666666666667
GI 075,Gi Stand Pipe 1/2x1ft,0.6666666666666666,0.0,0.16666666666666666,0.16666666666666666
GI 076,Gi Stand Pipe 1/2x2ft,0.3333333333333333,0.0,0.08333333333333333,0.08333333333333333
GI 077,Gi Stand Pipe 1/2x3ft,0.0,1.0,0.0,0.25
GI 088,Gi Tee 3/4,0.0,0.0,0.0,0.0
GI 089,Gi Union 1,1.0,0.0,0.25,0.25
GI 090,Gi Union 1/2,0.6666666666666666,1.0,0.16666666666666666,0.25
GI 092,Gi Union 11/4,0.0,0.0,0.0,0.0
GI 095,Gi Union 3/4,1.3333333333333333,0.0,0.3333333333333333,0.3333333333333333
GLA010,Glass Cutter H/G,2.0,0.0,0.5,0.5
GLO004,Gloves Leather H/G,8.666666666666666,2.0,2.1666666666666665,2.1666666666666665
GLO005,Gloves Leather Hg 14',0.0,0.0,0.0,0.0
GLO007,Gloves Rubber H/G,25.0,17.0,6.25,6.25
GLO008,Gloves Rubber L/G,0.6666666666666666,2.0,0.16666666666666666,0.5
GOO001,Gauze Wire Mtrs,32.0,21.0,8.0,8.0
GOO002,Gauze Wire Roll,1.0,1.0,0.25,0.25
GRE002,Grey Oxide Powder 1kg,1.0,0.0,0.25,0.25
GRE003,Green Oxide 1kg,2.3333333333333335,5.0,0.5833333333333334,1.25
GRO001,Grout 1kg Beige,5.666666666666667,0.0,1.4166666666666667,1.4166666666666667
GRO002,Grout 1kg Cream,1.6666666666666667,3.0,0.4166666666666667,0.75
GRO015,Grout 1kg Grey-Fuga,54.666666666666664,40.0,13.666666666666666,13.666666666666666
GRO016,Grout 1kg White-Fuga,35.666666666666664,31.0,8.916666666666666,8.916666666666666
GUM004,Gumboot No 6,1.3333333333333333,1.0,0.3333333333333333,0.3333333333333333
GUM005,Gumboot No 7,2.3333333333333335,1.0,0.5833333333333334,0.5833333333333334
GUM006,Gumboot No 8,7.0,1.0,1.75,1.75
GUM007,Gumboot No 10,1.6666666666666667,0.0,0.4166666666666667,0.4166666666666667
GUM008,Gumboot No 9,3.0,1.0,0.75,0.75
GUM009,Gumboot H/G No 6,0.0,1.0,0.0,0.25
GUM011,Gumboot H/G No 8,0.0,1.0,0.0,0.25
GUM012,Gumboot H/G No 9,0.0,1.0,0.0,0.25
GUT001,Gutter Angle,0.6666666666666666,0.0,0.16666666666666666,0.16666666666666666
GUT002,Gutter Bracket,35.0,26.0,8.75,8.75
GUT003,Gutter Connector,4.0,0.0,1.0,1.0
GUT008,Gutter Metro,9.333333333333334,2.0,2.3333333333333335,2.3333333333333335
GUT010,Gutter Rain,0.6666666666666666,0.0,0.16666666666666666,0.16666666666666666
GUT012,Gutter Stop End,16.666666666666668,7.0,4.166666666666667,4.166666666666667
GUT014,Gutters Outlet,3.3333333333333335,2.0,0.8333333333333334,0.8333333333333334
GYP002,Gypsum Angle Line,0.0,20.0,0.0,5.0
GYP006,Gypsum Board Hada,343.6666666666667,602.0,85.91666666666667,150.5
GYP008,Gypsum Board Moist Resistant,24.0,43.0,6.0,10.75
GYP011,Gypsum Channel,587.6666666666666,947.0,146.91666666666666,236.75
GYP012,Gypsum Cornice-Plain,44.666666666666664,135.0,11.166666666666666,33.75
GYP013,Gypsum Corner Bead,33.333333333333336,156.0,8.333333333333334,39.0
GYP016,Gypsum Fibre Tape,53.666666666666664,58.0,13.416666666666668,14.5
GYP018,Gypsum Filler Italtex,0.0,0.0,0.0,0.0
GYP020,Gypsum Knife,0.6666666666666666,0.0,0.16666666666666666,0.16666666666666666
GYP021,Gypsum Powder 1kg,26.333333333333332,46.0,6.583333333333332,11.5
GYP022,Gypsum Powder 25kg,42.666666666666664,63.0,10.666666666666666,15.75
GYP025,Gypsum Screws 1 *1000pcs -Blue esKseAnRtiEaNl,27.0,54.0,6.75,13.5
GYP026,Gypsum Screws 1 Pkt,13.0,1.0,3.25,3.25
GYP027,Gypsum Screws 11/2 Pkt,7.666666666666667,12.0,1.916666666666667,3.0
GYP028,Gypsum Screws 11/4 Pkt,9.0,6.0,2.25,2.25
GYP029,Gypsum Screws 2 Pkt,6.666666666666667,3.0,1.6666666666666667,1.6666666666666667
GYP030,Gypsum Screws 3/4 Pkt,0.0,2.0,0.0,0.5
GYP032,Gypsum Screws Assorted,236.66666666666666,144.0,59.166666666666664,59.166666666666664
GYP034,Gypsum Stud,683.6666666666666,1588.0,170.91666666666666,397.0
GYP036,Gypsum Board Thumb 9mm,40.0,17.0,10.0,10.0
GYP037,Gypsum Screws 1 *1000pcs,6.666666666666667,0.0,1.6666666666666667,1.6666666666666667
GYP038,Gypsum Cornice-Flowered,53.0,0.0,13.25,13.25
HAC001,Hacksaw Blade,351.3333333333333,497.0,87.83333333333333,124.25
HAC005,Hacksaw Frame J/K,1.3333333333333333,3.0,0.3333333333333333,0.75
HAC006,Hacksaw Frame Orange,3.6666666666666665,4.0,0.9166666666666665,1.0
HAM001,Hammer Jk,3.6666666666666665,6.0,0.9166666666666665,1.5
HAM002,Hammer Metal,2.6666666666666665,0.0,0.6666666666666666,0.6666666666666666
HAM003,Hammer Rubber 29mm,5.333333333333333,10.0,1.3333333333333333,2.5
HAN003,Handsaw 16,4.0,3.0,1.0,1.0
HAN006,Hard Broom With Handle,14.666666666666666,21.0,3.666666666666666,5.25
HAN007,Hard Broom Without Handle,11.666666666666666,11.0,2.9166666666666665,2.9166666666666665
HAN008,Handsaw 16 -Metallic,2.0,4.0,0.5,1.0
HAS001,Hasp & Staple 2,1.3333333333333333,0.0,0.3333333333333333,0.3333333333333333
HAS002,Hasp & Staple 21/2,2.6666666666666665,0.0,0.6666666666666666,0.6666666666666666
HAS003,Hasp & Staple 3,1.6666666666666667,0.0,0.4166666666666667,0.4166666666666667
HAS004,Hasp & Staple 4,0.3333333333333333,0.0,0.08333333333333333,0.08333333333333333
HAS005,Hasp Juakali,17.333333333333332,5.0,4.333333333333333,4.333333333333333
HEL001,Helmets Red,6.333333333333333,19.0,1.5833333333333335,4.75
HEL002,Helmets Blue,3.6666666666666665,0.0,0.9166666666666665,0.9166666666666665
HEL003,Helmets white,6.333333333333333,10.0,1.5833333333333335,2.5
HEL004,Helmets yellow,20.666666666666668,0.0,5.166666666666667,5.166666666666667
HEM001,Hemp,4.333333333333333,3.0,1.0833333333333333,1.0833333333333333
HIL002,Hilt Bit 12mm,0.0,2.0,0.0,0.5
HIL003,Hilt Bit 14mm,0.3333333333333333,0.0,0.08333333333333333,0.08333333333333333
HIL004,Hilt Bit 16mm,0.0,0.0,0.0,0.0
HIL006,Hilt Bit 8mm,0.0,1.0,0.0,0.25
HIL007,Hilt Bit 10MM,0.3333333333333333,0.0,0.08333333333333333,0.08333333333333333
HIN002,Hinges 1.5- Pairs,12.666666666666666,6.0,3.166666666666667,3.166666666666667
HIN003,Hinges 2- Pairs,0.6666666666666666,2.0,0.16666666666666666,0.5
HIN004,Hinges 2.5- Pairs,0.0,0.0,0.0,0.0
HIN005,Hinges 3- Pairs,5.666666666666667,30.0,1.4166666666666667,7.5
HIN006,Hinges 4- Pairs,9.666666666666666,21.0,2.4166666666666665,5.25
HIN009,Hinges Butterfly,0.6666666666666666,0.0,0.16666666666666666,0.16666666666666666
HIN015,Hinges Oxford Brass,10.333333333333334,33.0,2.5833333333333335,8.25
HIN016,Hinges Oxford Silver,7.0,8.0,1.75,2.0
HOO003,Hoop Iron Roll,361.0,265.0,90.25,90.25
HOS003,Hose Clip 2,0.0,0.0,0.0,0.0
HOS005,Hose Clip Hd 1,1.3333333333333333,0.0,0.3333333333333333,0.3333333333333333
HOS006,Hose Clip Hd 1/2,0.3333333333333333,0.0,0.08333333333333333,0.08333333333333333
HOS007,Hose Clip Hd 3/4,0.6666666666666666,2.0,0.16666666666666666,0.5
HOS011,Hose Pipe Braided 1/2x30m,0.3333333333333333,0.0,0.08333333333333333,0.08333333333333333
HOS012,Hose Pipe Braided 1/2x50m,1.6666666666666667,0.0,0.4166666666666667,0.4166666666666667
HOS013,Hose Pipe Braided 1x30m,0.6666666666666666,0.0,0.16666666666666666,0.16666666666666666
HOS014,Hose Pipe Braided 1x50,1.0,0.0,0.25,0.25
HOS015,Hose Pipe Braided 3/4x30m,3.0,0.0,0.75,0.75
HOS016,Hose Pipe Braided 3/4x50m,3.6666666666666665,1.0,0.9166666666666665,0.9166666666666665
HOS017,Hose Pipe Clear 1/2x120ft,0.6666666666666666,0.0,0.16666666666666666,0.16666666666666666
HOS018,Hose Pipe Clear 1/2x60ft,3.6666666666666665,0.0,0.9166666666666665,0.9166666666666665
HOS019,Hose Pipe Clear 1/4 X 50 Roll(s),4.333333333333333,5.0,1.0833333333333333,1.25
HOS020,Hose Pipe Clear 1/4 (Mtrs),6.333333333333333,63.0,1.5833333333333335,15.75
HOS022,Hose Pipe Clear 3/4x60ft,0.3333333333333333,2.0,0.08333333333333333,0.5
IND003,Industrial Socket Two Phase,0.3333333333333333,0.0,0.08333333333333333,0.08333333333333333
INS001,Insulating Tape Black Big,19.666666666666668,28.0,4.916666666666667,7.0
INS002,InsulatingTape Black Small,14.333333333333334,27.0,3.583333333333333,6.75
INS004,Insulating Tape Yellow Big,0.3333333333333333,1.0,0.08333333333333333,0.25
INS008,Insulating Tape White Big,3.0,0.0,0.75,0.75
INS012,Instant Shower Ener 4t,2.6666666666666665,3.0,0.6666666666666666,0.75
INS015,Instant Shower Lorenzeti,0.3333333333333333,0.0,0.08333333333333333,0.08333333333333333
INS018,Insulating Tape Green Big,1.0,2.0,0.25,0.5
INS019,Insulating Tape Red Big,3.0,5.0,0.75,1.25
JEM002,Jembe 2.5LB,3.6666666666666665,3.0,0.9166666666666665,0.9166666666666665
JEM003,Jembe 2LB,5.333333333333333,1.0,1.3333333333333333,1.3333333333333333
JEM004,Jembe 3LB,3.0,0.0,0.75,0.75
JEM005,Jembe Handle,43.666666666666664,39.0,10.916666666666666,10.916666666666666
JIG001,Jigsaw Blade,0.3333333333333333,0.0,0.08333333333333333,0.08333333333333333
JUM001,Jumbo Tank 10000l,1.6666666666666667,0.0,0.4166666666666667,0.4166666666666667
JUM002,Jumbo Tank 1000l,3.3333333333333335,0.0,0.8333333333333334,0.8333333333333334
JUM005,Jumbo Tank 1500l,0.0,0.0,0.0,0.0
JUM006,Jumbo Tank 2000l,0.6666666666666666,1.0,0.16666666666666666,0.25
JUM009,Jumbo Tank 2500l,0.3333333333333333,1.0,0.08333333333333333,0.25
JUM010,Jumbo Tank 3000l,0.3333333333333333,1.0,0.08333333333333333,0.25
JUM014,Jumbo Tank 5000l,2.3333333333333335,3.0,0.5833333333333334,0.75
JUM015,Jumbo Tank 500l,0.6666666666666666,0.0,0.16666666666666666,0.16666666666666666
JUM017,Jumbo Tank Rect 1000l,0.6666666666666666,1.0,0.16666666666666666,0.25
JUM019,Jumbo Tank Rect 500l,0.0,2.0,0.0,0.5
KEN001,KenSeal4KG,0.3333333333333333,1.0,0.08333333333333333,0.25
KHA003,KHAKI BAG NO 1/2,0.6666666666666666,0.0,0.16666666666666666,0.16666666666666666
KIF001,Kifagio Big,6.666666666666667,10.0,1.6666666666666667,2.5
KIT010,Kitchen Sink Pamofit DB/SD,0.0,1.0,0.0,0.25
KUK002,Kuku Net Mtrs,2.3333333333333335,0.0,0.5833333333333334,0.5833333333333334
LEA003,Leaf Rake Plastic Big,1.6666666666666667,0.0,0.4166666666666667,0.4166666666666667
LEA004,Leaf Rake Plastic Medium,0.0,1.0,0.0,0.25
LIM001,Lime 25kg,26.0,18.0,6.5,6.5
LIP002,Lipping Cherry Roll,0.0,0.0,0.0,0.0
LIP004,Lipping Mtrs,12.333333333333334,43.0,3.083333333333334,10.75
LOC002,Lock Flyglobe Gold,1.0,0.0,0.25,0.25
LOC003,Lock Flyglobe Silver,0.0,4.0,0.0,1.0
LOC004,Lock Moment,2.6666666666666665,0.0,0.6666666666666666,0.6666666666666666
LOC006,Lock Union 2lever Silver,0.3333333333333333,0.0,0.08333333333333333,0.08333333333333333
LOC010,Lock Union Dead 3lever,1.0,0.0,0.25,0.25
LOC011,Lock Wista W-20188,0.3333333333333333,0.0,0.08333333333333333,0.08333333333333333
LOC012,Lock Union 2lever brass/gold,2.0,8.0,0.5,2.0
LOC013,Lock Wista W-23615,0.0,4.0,0.0,1.0
LOC015,Lock Wista W-20252,0.0,0.0,0.0,0.0
LOO001,Looping Boxes,0.0,0.0,0.0,0.0
LOR001,Lordex 1kg,0.3333333333333333,5.0,0.08333333333333333,1.25
LOR002,Lordex 300g,3.3333333333333335,2.0,0.8333333333333334,0.8333333333333334
MAC001,Machine Oil,0.6666666666666666,0.0,0.16666666666666666,0.16666666666666666
MAC002,Machine Screw 2ba pcs,0.0,0.0,0.0,0.0
MAC004,Machine Screw 4ba,0.0,2.0,0.0,0.5
MAC005,MACHINE SCREW 2BA PKT,0.6666666666666666,1.0,0.16666666666666666,0.25
MAG001,Magic Connector 11/2 CHROME,0.6666666666666666,1.0,0.16666666666666666,0.25
MAG002,Magic Connector 11/4 CHROME,0.3333333333333333,2.0,0.08333333333333333,0.5
MAG004,Magnetic Socket 10mm,0.6666666666666666,1.0,0.16666666666666666,0.25
MAG005,Magnetic Socket 8mm,5.333333333333333,3.0,1.3333333333333333,1.3333333333333333
MAH001,Mahogany Spirit Stain,0.3333333333333333,0.0,0.08333333333333333,0.08333333333333333
MAH004,Orion Mahogany Varnish1 l,0.0,0.0,0.0,0.0
MAL001,Malpha Bit,0.0,1.0,0.0,0.25
MAL003,Malpha Hinges Hydraulic,12.666666666666666,17.0,3.166666666666667,4.25
MAN001,Manhole Cover 12x12,11.666666666666666,6.0,2.9166666666666665,2.9166666666666665
MAN002,Manhole Cover 15x15,6.333333333333333,2.0,1.5833333333333335,1.5833333333333335
MAN003,Manhole Cover 18x18,13.333333333333334,11.0,3.3333333333333335,3.3333333333333335
MAN004,Manhole Cover 18x24,20.0,24.0,5.0,6.0
MAN005,Manhole Cover 24x24,0.3333333333333333,0.0,0.08333333333333333,0.08333333333333333
MAN007,Manilla Roll 100m,7.0,8.0,1.75,2.0
MAN008,Manilla Roll 500m,5.333333333333333,2.0,1.3333333333333333,1.3333333333333333
MAN009,Manilla Rope 10mm- Mtrs,65.0,63.5,16.25,16.25
MAN013,Manilla Rope 18ply,30.333333333333332,19.0,7.583333333333333,7.583333333333333
MAN014,Manilla Rope 42ply,12.0,30.0,3.0,7.5
MAN017,Manilla Roll 1000m,41.333333333333336,8.0,10.333333333333334,10.333333333333334
MAN020,Manilla rope 10mm roll,0.3333333333333333,0.0,0.08333333333333333,0.08333333333333333
MAN021,Manilla Rope 6mm Rolls,0.0,0.0,0.0,0.0
MAN022,Manilla Rope 8mm Rolls,0.0,0.0,0.0,0.0
MAN023,Manilla Rope 12mm Rolls,0.0,0.0,0.0,0.0
MAR001,Marine Board- Tywood,1090.3333333333333,223.0,272.5833333333333,272.5833333333333
MAR002,Marine Board-Zurkit 16mm,184.66666666666666,11.0,46.166666666666664,46.166666666666664
MAR003,Marine Board-Zurkit 18mm,86.66666666666667,707.0,21.666666666666668,176.75
MAS002,"Masking Tape Welfast 1.5""",0.0,2.0,0.0,0.5
MAS006,"Masking Tape Welfast 1""",59.333333333333336,80.0,14.833333333333334,20.0
MAS008,"Masking Tape Welfast 2""",17.0,70.0,4.25,17.5
MAS010,Mason Bit 10mm,1.6666666666666667,1.0,0.4166666666666667,0.4166666666666667
MAS011,Mason Bit 12mm,0.6666666666666666,0.0,0.16666666666666666,0.16666666666666666
MAS014,Mason Bit 6mm,9.333333333333334,4.0,2.3333333333333335,2.3333333333333335
MAS015,Mason Bit 8mm,3.6666666666666665,6.0,0.9166666666666665,1.5
MAS016,Mason Chisel Flat,4.0,5.0,1.0,1.25
MAS017,Mason Chisel Pointed,14.0,26.0,3.5,6.5
MAS019,Mason Hammer 2.5lb,3.0,10.0,0.75,2.5
MAS020,Mason Hammer 2lb,4.666666666666667,2.0,1.1666666666666667,1.1666666666666667
MAS021,Mason Hammer 3lb,5.0,10.0,1.25,2.5
MAS022,Mason Square 24,0.0,0.0,0.0,0.0
MAS024,Mason Square Black,1.6666666666666667,0.0,0.4166666666666667,0.4166666666666667
MAS025,"Masking Tape 1""X20mts",0.0,0.0,0.0,0.0
MAS026,"Masking Tape 2""X20mts",0.0,0.0,0.0,0.0
MAT001,Mattock Combined,22.666666666666668,19.0,5.666666666666667,5.666666666666667
MCB001,Mcb 63 A D/Pole,0.0,0.0,0.0,0.0
MCB004,MCB 10 AMP,0.0,1.0,0.0,0.25
MCB005,MCB 16 AMP,0.0,0.0,0.0,0.0
MCB006,Mcb 63 A S/Pole,0.3333333333333333,0.0,0.08333333333333333,0.08333333333333333
MDF001,Mdf Board Beech,0.0,0.0,0.0,0.0
MDF002,Mdf Board Cherry,0.0,0.0,0.0,0.0
MDF005,Mdf Board Plain,0.3333333333333333,0.0,0.08333333333333333,0.08333333333333333
MDF007,Mdf Board White,1.6666666666666667,1.0,0.4166666666666667,0.4166666666666667
MDF008,Mdf Ply Plain,0.0,0.0,0.0,0.0
MDF009,Mdf Ply White,0.0,0.0,0.0,0.0
MDF012,Mdf Screws 1 Pkt,5.0,3.0,1.25,1.25
MDF013,Mdf Screws 1/12 Pkt,6.0,4.0,1.5,1.5
MDF014,Mdf Screws 11/4 Pkt,5.666666666666667,4.0,1.4166666666666667,1.4166666666666667
MDF015,Mdf Screws 2 Pkt,10.333333333333334,8.0,2.5833333333333335,2.5833333333333335
MDF017,Mdf Screws 3 Pkt,3.3333333333333335,0.0,0.8333333333333334,0.8333333333333334
MDF018,Mdf Screws 3/4 Pkt,3.6666666666666665,0.0,0.9166666666666665,0.9166666666666665
MET006,Meter Box Powdered 13X13,0.6666666666666666,0.0,0.16666666666666666,0.16666666666666666
MET008,Meter Liner,0.3333333333333333,0.0,0.08333333333333333,0.08333333333333333
MET009,Metro Glue 250gms,4.666666666666667,2.0,1.1666666666666667,1.1666666666666667
MIN001,Mini Trunking,8.0,4.0,2.0,2.0
MIR001,Mirror Screws Pcs,0.0,520.0,0.0,130.0
MOP003,Mop Bucket,0.3333333333333333,0.0,0.08333333333333333,0.08333333333333333
MOP006,Mop Teepee,6.0,1.0,1.5,1.5
MUL001,Multi Plug,0.0,0.0,0.0,0.0
NAI001,Nails 1'- Kgs,3.6666666666666665,6.5,0.9166666666666665,1.625
NAI002,Nails 1.5'- Kgs,22.650000000000002,10.25,5.6625000000000005,5.6625000000000005
NAI003,Nails 2'- Kgs,84.58333333333333,107.5,21.145833333333332,26.875
NAI004,Nails 2.5'- Kgs,70.41666666666667,66.75,17.604166666666668,17.604166666666668
NAI005,Nails 3'- Kgs,360.5833333333333,493.25,90.14583333333333,123.3125
NAI006,Nails 4'- Kgs,460.5833333333333,480.0,115.14583333333333,120.0
NAI007,Nails 5'- Kgs,54.083333333333336,5.75,13.520833333333334,13.520833333333334
NAI011,Nails Bag 2,4.666666666666667,4.0,1.1666666666666667,1.1666666666666667
NAI012,Nails Bag 2.5,2.6666666666666665,4.0,0.6666666666666666,1.0
NAI013,Nails Bag 3,31.0,34.0,7.75,8.5
NAI014,Nails Bag 4,42.0,46.0,10.5,11.5
NAI015,Nails Bag 5,2.6666666666666665,0.0,0.6666666666666666,0.6666666666666666
NAI016,Nails Bag 6,1.0,0.0,0.25,0.25
NAI018,Nails Bag Ceiling 1.5,0.0,0.0,0.0,0.0
NAI019,Nails Bag Panel Pins 1,1.6666666666666667,0.0,0.4166666666666667,0.4166666666666667
NAI020,Nails Bag Panel Pins 1.5,0.3333333333333333,0.0,0.08333333333333333,0.08333333333333333
NAI023,Nails Ceiling 1.5,3.0833333333333335,5.0,0.7708333333333335,1.25
NAI024,Nails Panel Pins 1,0.6666666666666666,0.25,0.16666666666666666,0.16666666666666666
NAI025,Nails Panel Pins 1.5,6.25,9.0,1.5625,2.25
NAI027,Nails Polished Bag 1.5,0.0,0.0,0.0,0.0
NAI029,Nails Roofing Bag,1.3333333333333333,1.0,0.3333333333333333,0.3333333333333333
NAI030,Nails Roofing Kgs,49.083333333333336,53.75,12.270833333333332,13.4375
NAI031,Nails U Bags,0.8333333333333334,1.0,0.20833333333333334,0.25
NAI032,"Nails Polished Bag 1""",0.0,1.0,0.0,0.25
NAI034,"Nails Bag 1.5""",0.3333333333333333,1.0,0.08333333333333333,0.25
NAI035,Nails U Kgs,2.5,15.5,0.625,3.875
NON002,Non Return Valve 1 pegler,1.3333333333333333,3.0,0.3333333333333333,0.75
NON003,Non Return Valve 1/2 Pegler,0.0,1.0,0.0,0.25
NON006,Non Return Valve 3/4 Pegler,1.0,0.0,0.25,0.25
NYU001,Nyumba Cement,0.0,1400.0,0.0,350.0
OLD001,Old News Papers,1.0,15.0,0.25,3.75
ORI002,Orion Clear Varnish 1l,2.0,0.0,0.5,0.5
PAC001,Packing Tape Clear,1.3333333333333333,0.0,0.3333333333333333,0.3333333333333333
PAD001,Padbolt 6,5.666666666666667,19.0,1.4166666666666667,4.75
PAD002,Padbolt China,2.6666666666666665,0.0,0.6666666666666666,0.6666666666666666
PAD004,Padbolt Jk Big,6.0,4.0,1.5,1.5
PAD005,Padbolt Jk Small,0.3333333333333333,0.0,0.08333333333333333,0.08333333333333333
PAD006,Padbolt Juakali-Shiny,5.666666666666667,2.0,1.4166666666666667,1.4166666666666667
PAD009,Padlock Mindy 70mm,1.3333333333333333,2.0,0.3333333333333333,0.5
PAD015,Padlock Tri Circle 261,0.0,0.0,0.0,0.0
PAD016,Padlock Tri Circle 262,7.333333333333333,2.0,1.833333333333333,1.833333333333333
PAD017,Padlock Tri Circle 263,4.0,7.0,1.0,1.75
PAD018,Padlock Tri Circle 264,8.333333333333334,1.0,2.0833333333333335,2.0833333333333335
PAD019,Padlock Tri Circle 265,9.333333333333334,1.0,2.3333333333333335,2.3333333333333335
PAD020,Padlock Tri Circle 266,1.0,9.0,0.25,2.25
PAD021,Padlock Mindy 60mm,4.333333333333333,0.0,1.0833333333333333,1.0833333333333333
PAD022,Padlock Mindy 50mm,2.3333333333333335,3.0,0.5833333333333334,0.75
PAI002,Paint Roller 4,7.666666666666667,2.0,1.916666666666667,1.916666666666667
PAI004,Paint Roller 9,46.333333333333336,51.0,11.583333333333334,12.75
PAN001,Panga,0.0,9.0,0.0,2.25
PAN002,Panga H/G,6.0,8.0,1.5,2.0
PAT001,Pattress Double Deep,3.0,13.0,0.75,3.25
PAT003,Pattress Single Deep,4.333333333333333,10.0,1.0833333333333333,2.5
PAT004,Pattress Single Shallow,0.6666666666666666,0.0,0.16666666666666666,0.16666666666666666
PAT005,Pattex PL100,1.3333333333333333,0.0,0.3333333333333333,0.3333333333333333
PAT006,Pattex PL-150,2.3333333333333335,0.0,0.5833333333333334,0.5833333333333334
PED001,Pedrallo Pump 0.5hp,1.0,0.0,0.25,0.25
PED002,Pedrallo Pump 1hp,0.3333333333333333,0.0,0.08333333333333333,0.08333333333333333
PIL003,Pillar Tap Basin Type,2.3333333333333335,1.0,0.5833333333333334,0.5833333333333334
PIL006,Pillar Tap Sprout,0.0,0.0,0.0,0.0
PIP001,Pipe Wrench 10,1.3333333333333333,1.0,0.3333333333333333,0.3333333333333333
PIP002,Pipe Wrench 12,0.6666666666666666,0.0,0.16666666666666666,0.16666666666666666
PIP003,Pipe Wrench 14,1.0,1.0,0.25,0.25
PLA001,Plain Sheet Roll 30g,3.0,2.0,0.75,0.75
PLA002,Plain Sheet Roll 32g,1.3333333333333333,1.0,0.3333333333333333,0.3333333333333333
PLA004,Plascon Ext Clear 5l,0.0,4.0,0.0,1.0
PLA007,Plascon Int Clear 1l,0.0,0.0,0.0,0.0
PLA008,Plascon Int Clear 5l,0.0,3.0,0.0,0.75
PLA010,Plascon Int Mahogany 5l,0.6666666666666666,0.0,0.16666666666666666,0.16666666666666666
PLA016,Plain sheet 30g mtrs,30.166666666666668,44.5,7.541666666666666,11.125
PLA017,Plain sheet 32g mtrs,11.5,0.0,2.875,2.875
PLI001,Pliers H.G,2.0,2.0,0.5,0.5
PLI003,Pliers Red,2.3333333333333335,3.0,0.5833333333333334,0.75
PLU001,Plumb Line,2.6666666666666665,2.0,0.6666666666666666,0.6666666666666666
PLY001,Plywood 3mm,25.0,31.0,6.25,7.75
PLY002,Plywood 6mm,28.0,77.0,7.0,19.25
PLY003,Plywood 9mm,4.666666666666667,0.0,1.1666666666666667,1.1666666666666667
POL003,Polythene Black 15kg,36.0,39.0,9.0,9.75
POL004,Polythene Black 20kg,27.0,30.0,6.75,7.5
POL005,Polythene Black Mtrs,128.33333333333334,139.0,32.083333333333336,34.75
POL006,Polythene Clear Mtrs,17.0,9.0,4.25,4.25
POL007,Polythene Clear Roll,1.6666666666666667,2.0,0.4166666666666667,0.5
PON001,Ponal Glue 1/2l,1.3333333333333333,11.0,0.3333333333333333,2.75
PON002,Ponal Glue 1/4l,2.3333333333333335,7.0,0.5833333333333334,1.75
PON003,Ponal Glue 1l,3.3333333333333335,0.0,0.8333333333333334,0.8333333333333334
PON005,Ponal Glue 4l,1.3333333333333333,0.0,0.3333333333333333,0.3333333333333333
POP005,Pop Up Waste Chrome 11/4,0.0,0.0,0.0,0.0
POU001,Poultry Mesh Blue,0.3333333333333333,0.0,0.08333333333333333,0.08333333333333333
POU002,Poultry Mesh Green,0.3333333333333333,0.0,0.08333333333333333,0.08333333333333333
PPR001,Ppr Ball Cork 20mm,0.3333333333333333,0.0,0.08333333333333333,0.08333333333333333
PPR002,Ppr Ball Cork 25mm,2.0,2.0,0.5,0.5
PPR003,Ppr Ball Cork 32mm,0.0,0.0,0.0,0.0
PPR004,Ppr Ball Cork 40mm,0.0,0.0,0.0,0.0
PPR006,Ppr Ball Cork 63mm,0.0,0.0,0.0,0.0
PPR007,Ppr Cup 20mm,0.0,5.0,0.0,1.25
PPR008,Ppr Cup 25mm,4.666666666666667,11.0,1.1666666666666667,2.75
PPR009,Ppr Cup 32mm,2.3333333333333335,0.0,0.5833333333333334,0.5833333333333334
PPR010,Ppr Cup 40mm,0.0,0.0,0.0,0.0
PPR012,Ppr Cup 63mm,0.0,0.0,0.0,0.0
PPR013,Ppr Double Elbow 25x1/2,0.0,0.0,0.0,0.0
PPR014,Ppr Elbow 20mm,6.0,15.0,1.5,3.75
PPR015,Ppr Elbow 20mm *45',0.3333333333333333,10.0,0.08333333333333333,2.5
PPR016,Ppr Elbow 25mm,190.0,205.0,47.5,51.25
PPR017,Ppr Elbow 25mmx45,25.333333333333332,18.0,6.333333333333334,6.333333333333334
PPR018,Ppr Elbow 32mm,87.0,135.0,21.75,33.75
PPR019,Ppr Elbow 32mm x45,0.0,0.0,0.0,0.0
PPR020,Ppr Elbow 40mm,5.0,0.0,1.25,1.25
PPR021,Ppr Elbow 50mm,0.6666666666666666,4.0,0.16666666666666666,1.0
PPR022,Ppr Elbow 63mm,11.666666666666666,0.0,2.9166666666666665,2.9166666666666665
PPR023,Ppr F/Adapter 20x1/2,0.0,5.0,0.0,1.25
PPR024,Ppr F/Adapter 25x1/2,18.333333333333332,72.0,4.583333333333333,18.0
PPR025,Ppr F/Adapter 25x3/4,23.0,28.0,5.75,7.0
PPR026,Ppr F/Adapter 32x1,11.333333333333334,11.0,2.8333333333333335,2.8333333333333335
PPR027,Ppr F/Adapter 32x3/4,0.6666666666666666,7.0,0.16666666666666666,1.75
PPR028,Ppr F/Adapter 40x11/4,0.0,1.0,0.0,0.25
PPR029,Ppr F/Adapter 50x11/2,0.0,0.0,0.0,0.0
PPR030,Ppr F/Adapter 63x2,0.0,0.0,0.0,0.0
PPR031,Ppr F/Elbow 20x1/2,3.3333333333333335,0.0,0.8333333333333334,0.8333333333333334
PPR032,Ppr F/Elbow 25x1/2,46.666666666666664,64.0,11.666666666666666,16.0
PPR033,Ppr F/Elbow 25x3/4,16.0,2.0,4.0,4.0
PPR034,Ppr F/Elbow 32x1,3.3333333333333335,0.0,0.8333333333333334,0.8333333333333334
PPR036,Ppr F/Elbow 32x3/4,2.3333333333333335,0.0,0.5833333333333334,0.5833333333333334
PPR039,Ppr F/Tee 20x1/2,0.6666666666666666,0.0,0.16666666666666666,0.16666666666666666
PPR040,Ppr F/Tee 25x1/2,2.0,1.0,0.5,0.5
PPR041,Ppr F/Tee 25x3/4,3.6666666666666665,0.0,0.9166666666666665,0.9166666666666665
PPR042,Ppr F/Tee 32x1,0.6666666666666666,0.0,0.16666666666666666,0.16666666666666666
PPR043,Ppr F/Tee 32x3/4,1.0,0.0,0.25,0.25
PPR045,Ppr F/ Thread Union 1,1.0,0.0,0.25,0.25
PPR047,Ppr Gate Valve 20mm,0.0,2.0,0.0,0.5
PPR049,Ppr Gate Valve 32mm,0.3333333333333333,0.0,0.08333333333333333,0.08333333333333333
PPR050,Ppr M/Adapter 20x1/2,5.0,6.0,1.25,1.5
PPR051,Ppr M/Adapter 25x1/2,23.666666666666668,59.0,5.916666666666667,14.75
PPR052,Ppr M/Adapter 25x3/4,38.0,43.0,9.5,10.75
PPR053,Ppr M/Adapter 32x1,31.0,24.0,7.75,7.75
PPR054,Ppr M/Adapter 32x1/2,0.0,0.0,0.0,0.0
PPR055,Ppr M/Adapter 32x3/4,3.6666666666666665,4.0,0.9166666666666665,1.0
PPR056,Ppr M/Adapter 40x11/4,6.0,0.0,1.5,1.5
PPR057,Ppr M/Adapter 50x11/2,1.6666666666666667,2.0,0.4166666666666667,0.5
PPR058,Ppr M/Adapter 63x2,0.0,0.0,0.0,0.0
PPR059,Ppr M/Elbow 20x1/2,1.6666666666666667,0.0,0.4166666666666667,0.4166666666666667
PPR060,Ppr M/Elbow 25x1/2,2.0,12.0,0.5,3.0
PPR061,Ppr M/Elbow 25x3/4,0.6666666666666666,0.0,0.16666666666666666,0.16666666666666666
PPR062,Ppr M/Elbow 32x1,0.0,0.0,0.0,0.0
PPR063,Ppr M/Elbow 32x3/4,0.3333333333333333,0.0,0.08333333333333333,0.08333333333333333
PPR065,Ppr M/Elbow 50x11/2,0.0,2.0,0.0,0.5
PPR066,Ppr M/Tee 20x1/2,0.0,0.0,0.0,0.0
PPR067,Ppr M/Tee 25x1/2,0.3333333333333333,0.0,0.08333333333333333,0.08333333333333333
PPR068,Ppr M/Tee 25x3/4,0.0,0.0,0.0,0.0
PPR069,Ppr M/Tee 32x1,2.6666666666666665,0.0,0.6666666666666666,0.6666666666666666
PPR070,Ppr M/Tee 32x3/4,0.3333333333333333,0.0,0.08333333333333333,0.08333333333333333
PPR072,Ppr M/Thread Union 1,4.333333333333333,0.0,1.0833333333333333,1.0833333333333333
PPR074,Ppr M/Thread Union 3/4,1.6666666666666667,4.0,0.4166666666666667,1.0
PPR075,Ppr Machine H/G,0.0,0.0,0.0,0.0
PPR076,Ppr Overbend 25mm,1.0,29.0,0.25,7.25
PPR078,Ppr Pipe 20mm,2.0,0.0,0.5,0.5
PPR084,Ppr Pipe Danco 20mm,0.3333333333333333,0.0,0.08333333333333333,0.08333333333333333
PPR085,Ppr Pipe Danco 25mm,120.33333333333333,89.0,30.08333333333333,30.08333333333333
PPR086,Ppr Pipe Danco 32mm,32.0,75.0,8.0,18.75
PPR087,Ppr Pipe Danco 40mm,11.0,0.0,2.75,2.75
PPR088,Ppr Pipe Danco 50mm,1.6666666666666667,0.0,0.4166666666666667,0.4166666666666667
PPR092,Ppr Pipe Metro 32mm,2.3333333333333335,2.0,0.5833333333333334,0.5833333333333334
PPR093,Ppr Pipe Metro 40mm,0.3333333333333333,0.0,0.08333333333333333,0.08333333333333333
PPR094,Ppr Pipe Metro 50mm,0.0,0.0,0.0,0.0
PPR096,Ppr Pipe Roll 20mm-DANCO,1.6666666666666667,0.0,0.4166666666666667,0.4166666666666667
PPR098,Ppr Pipe Roll 32mm,0.0,0.0,0.0,0.0
PPR100,Ppr Pipe Roll Danco 25mm,2.0,0.0,0.5,0.5
PPR101,Ppr Pipe Roll Danco 32mm,0.3333333333333333,0.0,0.08333333333333333,0.08333333333333333
PPR105,Ppr Plug 20mm,6.0,0.0,1.5,1.5
PPR107,Ppr Red/Socket 25x20,38.666666666666664,48.0,9.666666666666666,12.0
PPR108,Ppr Red/Socket 32x20,0.0,0.0,0.0,0.0
PPR109,Ppr Red/Socket 32x25,17.666666666666668,11.0,4.416666666666667,4.416666666666667
PPR111,Ppr Red/Socket 40x32,1.3333333333333333,3.0,0.3333333333333333,0.75
PPR113,Ppr Red/Socket 50x25,1.0,3.0,0.25,0.75
PPR114,Ppr Red/Socket 50x32,0.3333333333333333,0.0,0.08333333333333333,0.08333333333333333
PPR117,Ppr Red/Socket 63x32,0.6666666666666666,0.0,0.16666666666666666,0.16666666666666666
PPR120,Ppr Red/Tee 20x25,0.6666666666666666,0.0,0.16666666666666666,0.16666666666666666
PPR121,Ppr Red/Tee 32x20,0.0,0.0,0.0,0.0
PPR122,Ppr Red/Tee 32x25,8.0,1.0,2.0,2.0
PPR124,Ppr Red/Tee 40x32,4.333333333333333,0.0,1.0833333333333333,1.0833333333333333
PPR125,Ppr Socket 20mm,5.333333333333333,21.0,1.3333333333333333,5.25
PPR126,Ppr Socket 25mm,117.33333333333333,139.0,29.33333333333333,34.75
PPR127,Ppr Socket 32mm,65.66666666666667,104.0,16.416666666666668,26.0
PPR128,Ppr Socket 40mm,7.666666666666667,3.0,1.916666666666667,1.916666666666667
PPR130,Ppr Socket 63mm,5.333333333333333,0.0,1.3333333333333333,1.3333333333333333
PPR135,Ppr socket 50mm,0.0,0.0,0.0,0.0
PPR137,Ppr Tee 20mm,2.0,5.0,0.5,1.25
PPR138,Ppr Tee 25mm,110.0,79.0,27.5,27.5
PPR139,Ppr Tee 32mm,32.666666666666664,50.0,8.166666666666666,12.5
PPR140,Ppr Tee 40mm,2.0,1.0,0.5,0.5
PPR141,Ppr Tee 50mm,0.3333333333333333,1.0,0.08333333333333333,0.25
PPR142,Ppr Tee 63mm,0.6666666666666666,0.0,0.16666666666666666,0.16666666666666666
PPR143,Ppr Thread Union 20mm,0.6666666666666666,0.0,0.16666666666666666,0.16666666666666666
PPR144,Ppr Thread Union 25mm,0.6666666666666666,2.0,0.16666666666666666,0.5
PPR147,Ppr Union 20mm,0.6666666666666666,6.0,0.16666666666666666,1.5
PPR148,Ppr Union 25mm,7.666666666666667,2.0,1.916666666666667,1.916666666666667
PPR149,Ppr Union 32mm,12.333333333333334,5.0,3.083333333333334,3.083333333333334
PPR150,Ppr Union 40mm,1.6666666666666667,0.0,0.4166666666666667,0.4166666666666667
PPR151,Ppr Union 50mm,0.3333333333333333,0.0,0.08333333333333333,0.08333333333333333
PPR153,Ppr clip 20mm,0.0,0.0,0.0,0.0
PPR154,Ppr clip 32mm,0.0,0.0,0.0,0.0
PPR155,Ppr Pipe Danco 63mm,3.0,0.0,0.75,0.75
PPR158,Ppr F/Thread Union 3/4,2.0,0.0,0.5,0.5
PUM001,Pump Control Auto,2.0,0.0,0.5,0.5
PUT003,Putty Premium in Kgs,33.416666666666664,0.0,8.354166666666666,8.354166666666666
PUT004,Putty Premium Buckets- 40kgs,29.333333333333332,0.0,7.333333333333332,7.333333333333332
PVC001,Pvc Bend 11/2x45,36.333333333333336,21.0,9.083333333333334,9.083333333333334
PVC002,Pvc Bend 11/2x90,94.66666666666667,49.0,23.666666666666668,23.666666666666668
PVC003,Pvc Bend 11/4x45,7.333333333333333,9.0,1.833333333333333,2.25
PVC004,Pvc Bend 11/4x90,5.0,5.0,1.25,1.25
PVC005,Pvc Bend 2x45,31.666666666666668,60.0,7.916666666666666,15.0
PVC006,Pvc Bend 2x90,69.66666666666667,72.0,17.416666666666668,18.0
PVC007,Pvc Bend 3x45,3.0,1.0,0.75,0.75
PVC008,Pvc Bend 3x90,28.666666666666668,21.0,7.166666666666666,7.166666666666666
PVC009,Pvc Bend 4x45,31.333333333333332,43.0,7.833333333333334,10.75
PVC010,Pvc Bend 4x90,51.666666666666664,73.0,12.916666666666666,18.25
PVC011,Pvc Bend 6x45,3.0,4.0,0.75,1.0
PVC012,Pvc Bend 6x90,8.666666666666666,14.0,2.1666666666666665,3.5
PVC013,Pvc Bend 8x90,0.0,0.0,0.0,0.0
PVC014,Pvc Boss Connector 4x11/2,0.6666666666666666,0.0,0.16666666666666666,0.16666666666666666
PVC015,Pvc Boss Connector 4x11/4,0.0,0.0,0.0,0.0
PVC016,Pvc Boss Connector 4x2,7.333333333333333,12.0,1.833333333333333,3.0
PVC019,Pvc Cross Tee 4,0.3333333333333333,0.0,0.08333333333333333,0.08333333333333333
PVC020,Pvc Flex Bend 4,5.333333333333333,3.0,1.3333333333333333,1.3333333333333333
PVC022,Pvc Floor Trap 4way,75.33333333333333,58.0,18.833333333333332,18.833333333333332
PVC023,Pvc Floor Trap 1Way,11.0,11.0,2.75,2.75
PVC025,Pvc Floor Trap Cover,1.0,0.0,0.25,0.25
PVC026,Pvc Full Bora 4,1.6666666666666667,10.0,0.4166666666666667,2.5
PVC027,Pvc Gulley Trap 2,3.6666666666666665,0.0,0.9166666666666665,0.9166666666666665
PVC028,Pvc Gulley Trap 4,3.3333333333333335,18.0,0.8333333333333334,4.5
PVC031,Pvc Inspection Bend 4,8.333333333333334,2.0,2.0833333333333335,2.0833333333333335
PVC032,Pvc Inspection Tee 4,0.3333333333333333,0.0,0.08333333333333333,0.08333333333333333
PVC034,Pvc Plug 11/2,8.666666666666666,8.0,2.1666666666666665,2.1666666666666665
PVC035,Pvc Plug 11/4,0.3333333333333333,2.0,0.08333333333333333,0.5
PVC036,Pvc Plug 2,33.333333333333336,13.0,8.333333333333334,8.333333333333334
PVC037,Pvc Plug 3,6.666666666666667,5.0,1.6666666666666667,1.6666666666666667
PVC038,Pvc Plug 4,12.0,1.0,3.0,3.0
PVC039,Pvc Plug 6,2.0,2.0,0.5,0.5
PVC053,Pvc Reducer 11/2x11/4,2.0,1.0,0.5,0.5
PVC054,Pvc Reducer 2x11/2,6.0,1.0,1.5,1.5
PVC055,Pvc Reducer 2x11/4,0.3333333333333333,0.0,0.08333333333333333,0.08333333333333333
PVC056,Pvc Reducer 3x2,12.666666666666666,12.0,3.166666666666667,3.166666666666667
PVC057,Pvc Reducer 4x2,8.333333333333334,12.0,2.0833333333333335,3.0
PVC058,Pvc Reducer 4x3,8.333333333333334,4.0,2.0833333333333335,2.0833333333333335
PVC059,Pvc Reducer 6x4,1.3333333333333333,2.0,0.3333333333333333,0.5
PVC062,Pvc Socket 4,6.666666666666667,4.0,1.6666666666666667,1.6666666666666667
PVC063,Pvc Socket 6,0.6666666666666666,0.0,0.16666666666666666,0.16666666666666666
PVC064,Pvc Tee 11/2,14.333333333333334,18.0,3.583333333333333,4.5
PVC065,Pvc Tee 11/4,0.6666666666666666,2.0,0.16666666666666666,0.5
PVC066,Pvc Tee 2,63.666666666666664,33.0,15.916666666666666,15.916666666666666
PVC067,Pvc Tee 3,5.333333333333333,6.0,1.3333333333333333,1.5
PVC068,Pvc Tee 4,9.0,23.0,2.25,5.75
PVC069,Pvc Tee 6,2.6666666666666665,4.0,0.6666666666666666,1.0
PVC072,Pvc Vent Core 2,0.6666666666666666,0.0,0.16666666666666666,0.16666666666666666
PVC073,Pvc Vent Core 3,0.0,2.0,0.0,0.5
PVC074,Pvc Vent Core 4,2.0,5.0,0.5,1.25
PVC076,Pvc W/Pipe Brown 4,20.333333333333332,6.0,5.083333333333333,5.083333333333333
PVC077,Pvc W/Pipe Grey 11/2,12.666666666666666,6.0,3.166666666666667,3.166666666666667
PVC078,Pvc W/Pipe Grey 11/4,2.3333333333333335,0.0,0.5833333333333334,0.5833333333333334
PVC079,Pvc W/Pipe Grey 2,20.0,8.0,5.0,5.0
PVC080,Pvc W/Pipe Grey 3,28.666666666666668,0.0,7.166666666666666,7.166666666666666
PVC081,Pvc W/Pipe Grey 4,35.0,0.0,8.75,8.75
PVC082,Pvc W/Pipe Grey 6,3.6666666666666665,19.0,0.9166666666666665,4.75
PVC083,Pvc W/Pipe Grey 8 pm,2.6666666666666665,0.0,0.6666666666666666,0.6666666666666666
PVC085,Pvc W/Pipe Metro 11/2,23.333333333333332,32.0,5.833333333333333,8.0
PVC086,Pvc W/Pipe Metro 2,36.0,42.0,9.0,10.5
PVC087,Pvc W/Pipe Metro 3,12.0,50.0,3.0,12.5
PVC088,Pvc W/Pipe Metro 4,29.0,94.0,7.25,23.5
PVC089,Pvc W/Pipe Metro 6,11.0,0.0,2.75,2.75
PVC093,Pvc W/Pipe Pm 4,21.333333333333332,35.0,5.333333333333333,8.75
PVC094,Pvc Y Tee 4,1.0,2.0,0.25,0.5
PVC096,"Pvc W/Pipe Metro 11/4""",6.333333333333333,0.0,1.5833333333333335,1.5833333333333335
R,P001 R Pipe 11/2x16g,28.166666666666668,31.0,7.041666666666667,7.75
R 1001,R 10- 1/2 length,4.333333333333333,1.0,1.0833333333333333,1.0833333333333333
R 1003,R 16,0.0,1.5,0.0,0.375
R 1004,R 16 Ft,28.0,4.0,7.0,7.0
R 6001,R 6,18.666666666666668,3.0,4.666666666666667,4.666666666666667
R/S001,R/S Box Charcoal Grey 2.5m,9.0,0.0,2.25,2.25
R/S002,R/S Box Charcoal Grey 3m,16.666666666666668,0.0,4.166666666666667,4.166666666666667
R/S003,R/S Box Clear 2.5m,0.0,0.0,0.0,0.0
R/S004,R/S Box Clear 2m,0.0,0.0,0.0,0.0
R/S005,R/S Box Clear 3m,4.666666666666667,6.0,1.1666666666666667,1.5
R/S013,R/S Clear 3m,9.0,4.0,2.25,2.25
R/S014,R/S Maisha 2.5x30g,16.333333333333332,12.0,4.083333333333333,4.083333333333333
R/S015,R/S Maisha 2.5x32g,44.666666666666664,61.0,11.166666666666666,15.25
R/S016,R/S Maisha 2x30g,18.0,5.0,4.5,4.5
R/S017,R/S Maisha 2x32g,16.0,20.0,4.0,5.0
R/S018,R/S Maisha 3x30g,42.666666666666664,1.0,10.666666666666666,10.666666666666666
R/S019,R/S Maisha 3x32g,41.333333333333336,53.0,10.333333333333334,13.25
RAK002,Rake 12,0.0,0.0,0.0,0.0
RAK003,Rake 14,0.3333333333333333,0.0,0.08333333333333333,0.08333333333333333
RAK005,Rake Juakali Big,8.333333333333334,11.0,2.0833333333333335,2.75
RAW001,Rawl Bolt M10,5.333333333333333,0.0,1.3333333333333333,1.3333333333333333
RAW002,Rawl Bolt M12,20.666666666666668,0.0,5.166666666666667,5.166666666666667
RAW003,Rawl Bolt M6,1.0,1.0,0.25,0.25
RAW004,Rawl Bolt M8,19.0,14.0,4.75,4.75
RAZ001,Razor Wire,0.3333333333333333,0.0,0.08333333333333333,0.08333333333333333
RED001,Red Oxide 1kg,11.333333333333334,5.0,2.8333333333333335,2.8333333333333335
REF001,Reflector Vest,36.0,51.0,9.0,12.75
RID002,Ridges 30g,0.0,0.0,0.0,0.0
RID003,Ridges 32g,1.0,0.0,0.25,0.25
RIV003,Rivet Pcs,4.666666666666667,22.0,1.1666666666666667,5.5
RIV004,Rivets 3/4,77.0,0.0,19.25,19.25
ROA001,Road Channel,0.0,0.0,0.0,0.0
ROO002,Roofing Bolt 11/2,0.0,0.0,0.0,0.0
ROO004,Roofing Bolt 2.5,0.0,0.0,0.0,0.0
ROO008,Roofing Insulation 3mm-Roll,0.6666666666666666,1.0,0.16666666666666666,0.25
ROO009,Roofing Insulation 5mm-Roll,0.0,1.0,0.0,0.25
ROO010,Roofing Screw 1,1.3333333333333333,0.0,0.3333333333333333,0.3333333333333333
ROO011,Roofing Screw 11/2,2.3333333333333335,0.0,0.5833333333333334,0.5833333333333334
ROO013,Roofing Washers,20.0,15.0,5.0,5.0
ROO014,Roofing Screw 2,0.6666666666666666,0.0,0.16666666666666666,0.16666666666666666
ROO015,Roofing Bolt 2,0.3333333333333333,1.0,0.08333333333333333,0.25
ROU003,Round Covers Black Large,0.0,0.0,0.0,0.0
ROU004,Round Covers Black Small,1.3333333333333333,2.0,0.3333333333333333,0.5
ROU005,Round Covers White Large,0.0,0.0,0.0,0.0
ROU007,Round File,1.0,2.0,0.25,0.5
RSB001,R/S Box charcoal grey 2m,0.3333333333333333,5.0,0.08333333333333333,1.25
SAC001,Sacks,86.0,27.0,21.5,21.5
SAD001,Saddle Clips 1,0.3333333333333333,4.0,0.08333333333333333,1.0
SAD003,Saddle Clips 1/2,31.333333333333332,0.0,7.833333333333334,7.833333333333334
SAD004,Saddle Clips 11/2,2.6666666666666665,0.0,0.6666666666666666,0.6666666666666666
SAD005,Saddle Clips 2,2.0,46.0,0.5,11.5
SAD006,Saddle Clips 3,8.666666666666666,0.0,2.1666666666666665,2.1666666666666665
SAD007,Saddle Clips 3/4,65.0,4.0,16.25,16.25
SAD008,Saddle Clips 4,15.333333333333334,15.0,3.833333333333334,3.833333333333334
SAF001,Safety Gloves,16.0,31.0,4.0,7.75
SAH001,Sahara Filler,2.0,0.0,0.5,0.5
SAN006,Sand Paper P100 Roll,3.0,4.0,0.75,1.0
SAN007,Sand Paper P120 Roll,4.666666666666667,7.0,1.1666666666666667,1.75
SAN008,Sand Paper P36 Roll,0.0,0.0,0.0,0.0
SAN009,Sand Paper P40 Roll,0.0,1.0,0.0,0.25
SAN010,Sand Paper P60 Roll,0.3333333333333333,2.0,0.08333333333333333,0.5
SAN011,Sand Paper P80 Roll,2.6666666666666665,1.0,0.6666666666666666,0.6666666666666666
SAN015,Sanding Disk 4,1.3333333333333333,0.0,0.3333333333333333,0.3333333333333333
SAN016,Sanding Disk 7,1.3333333333333333,3.0,0.3333333333333333,0.75
SAN017,Sand Paper Water Proof,11.0,30.0,2.75,7.5
SAN018,Sand Paper P100 Ft,104.66666666666667,99.0,26.16666666666667,26.16666666666667
SAN019,Sand Paper P120 Ft,123.5,220.0,30.875,55.0
SAN020,Sand Paper P36 Ft,0.6666666666666666,0.0,0.16666666666666666,0.16666666666666666
SAN021,Sand Paper P40 Ft,16.333333333333332,13.0,4.083333333333333,4.083333333333333
SAN022,Sand Paper P60 Ft,16.0,39.0,4.0,9.75
SAN023,Sand Paper P80 Ft,75.33333333333333,75.0,18.833333333333332,18.833333333333332
SCR001,Scrapper 1,0.6666666666666666,0.0,0.16666666666666666,0.16666666666666666
SCR003,Scrapper 2,1.6666666666666667,13.0,0.4166666666666667,3.25
SCR005,Scrapper 3,6.0,17.0,1.5,4.25
SCR006,Scrapper 4,5.333333333333333,0.0,1.3333333333333333,1.3333333333333333
SCR008,Screw Driver Combined,2.3333333333333335,2.0,0.5833333333333334,0.5833333333333334
SCR009,Screw Driver Flat,0.3333333333333333,0.0,0.08333333333333333,0.08333333333333333
SCR011,Screw Driver Star,1.6666666666666667,4.0,0.4166666666666667,1.0
SCR015,Screwdriver Flat 3*75 Fixtec,0.0,0.0,0.0,0.0
SCR024,Screwdriver Star 3*75 Fixtec,0.6666666666666666,0.0,0.16666666666666666,0.16666666666666666
SEA003,Seat Cover H/G,0.6666666666666666,0.0,0.16666666666666666,0.16666666666666666
SEL002,Self Tapping Screws 1.5,5.0,1.0,1.25,1.25
SEL003,Self Tapping Screws 2,5.0,0.0,1.25,1.25
SEL004,Counter Sank screw 2,1.3333333333333333,5.0,0.3333333333333333,1.25
SEL005,Counter Sank screw 11/2,3.6666666666666665,0.0,0.9166666666666665,0.9166666666666665
SEL006,"Self Tapping Screws 1""",1.0,7.0,0.25,1.75
SEL007,Self Tapping Screws 3/4,3.0,0.0,0.75,0.75
SEN001,Motion Sensor,0.3333333333333333,0.0,0.08333333333333333,0.08333333333333333
SHA001,Shallow Drain,0.0,0.0,0.0,0.0
SHE001,Shears Adjustable H/G,1.0,2.0,0.25,0.5
SHE003,Shears Fixed,2.6666666666666665,0.0,0.6666666666666666,0.6666666666666666
SHE005,Shelf Bracket 8x10,2.0,0.0,0.5,0.5
SHE014,Orion Shellac Heavy 1/2L,0.0,6.0,0.0,1.5
SHO001,Shoe Tacks 1,0.0,0.0,0.0,0.0
SHO002,Shoe Tacks 1/2,0.0,0.0,0.0,0.0
SHO003,Shoe Tacks 3/4,0.0,1.0,0.0,0.25
SHO005,Lirlee Arabic Shower-LR9217,0.6666666666666666,0.0,0.16666666666666666,0.16666666666666666
SHO008,Shower Head,0.0,0.0,0.0,0.0
SID001,Side Slabs,2.6666666666666665,0.0,0.6666666666666666,0.6666666666666666
SIK001,SikaMonoTop-4012-25kg,0.6666666666666666,0.0,0.16666666666666666,0.16666666666666666
SIL001,Silicon Gun,1.0,0.0,0.25,0.25
SIL002,Silicon Gun Sausage,0.3333333333333333,2.0,0.08333333333333333,0.5
SIL003,Silicon Hi Tech Black,5.0,2.0,1.25,1.25
SIL004,Silicon Hi Tech Clear,5.333333333333333,3.0,1.3333333333333333,1.3333333333333333
SIL010,Silicon Sausage Clear,5.666666666666667,11.0,1.4166666666666667,2.75
SIL011,Silicon Sausage White,0.3333333333333333,4.0,0.08333333333333333,1.0
SIL013,Silicon Tube Black,13.666666666666666,7.0,3.4166666666666665,3.4166666666666665
SIL014,Silicon Tube Clear,43.0,29.0,10.75,10.75
SIL015,Silicon Tube White,5.0,2.0,1.25,1.25
SIL017,Silicon Sausage Black,4.0,12.0,1.0,3.0
SIM001,Simba Cement,30890.5,40334.0,7722.625,10083.5
SIN004,Single Socket,1.6666666666666667,1.0,0.4166666666666667,0.4166666666666667
SIS002,Sisal Rope Small,10.0,16.0,2.5,4.0
SIS003,Sisal Twine 1kg,0.3333333333333333,0.0,0.08333333333333333,0.08333333333333333
SLA001,Slasher,3.6666666666666665,15.0,0.9166666666666665,3.75
SLE001,Sledge Hammer 10lb,0.3333333333333333,2.0,0.08333333333333333,0.5
SLE002,Sledge Hammer 12lb,1.3333333333333333,6.0,0.3333333333333333,1.5
SLE003,Sledge Hammer 14lb,1.3333333333333333,0.0,0.3333333333333333,0.3333333333333333
SLE004,Sledge Hammer 6lb,0.0,0.0,0.0,0.0
SLE005,Sledge Hammer 8lb,0.0,0.0,0.0,0.0
SOA001,Soap Dish Silver,0.6666666666666666,0.0,0.16666666666666666,0.16666666666666666
SOC001,Socket Double Gold,2.3333333333333335,0.0,0.5833333333333334,0.5833333333333334
SOC002,Socket Single Black,1.3333333333333333,0.0,0.3333333333333333,0.3333333333333333
SOC009,Tronic Socket Double,2.0,0.0,0.5,0.5
SOC013,Socket Double,1.0,4.0,0.25,1.0
SOF001,Soft Board White,0.0,0.0,0.0,0.0
SOF003,Soft Broom With Handle,14.333333333333334,4.0,3.583333333333333,3.583333333333333
SOF004,Soft Broom Without Handle,1.6666666666666667,4.0,0.4166666666666667,1.0
SOL001,Solai Clear Varnish,1.3333333333333333,0.0,0.3333333333333333,0.3333333333333333
SPA001,Spade Imported,60.0,51.0,15.0,15.0
SPA007,Spanner Combined 17,0.0,0.0,0.0,0.0
SPA010,Spanner Fix 14x15,0.6666666666666666,1.0,0.16666666666666666,0.25
SPA011,Spanner Fix 16x17,0.0,1.0,0.0,0.25
SPA014,Spanner Ring 10x11,0.3333333333333333,0.0,0.08333333333333333,0.08333333333333333
SPA015,Spanner Ring 12x13,2.0,1.0,0.5,0.5
SPA016,Spanner Ring 14x15,0.3333333333333333,1.0,0.08333333333333333,0.25
SPA017,Spanner Ring 16x17,2.3333333333333335,0.0,0.5833333333333334,0.5833333333333334
SPI001,Spirit Level 10,0.3333333333333333,0.0,0.08333333333333333,0.08333333333333333
SPI002,Spirit Level 12,0.0,2.0,0.0,0.5
SPI007,Spirit Level Magnetic 12,1.3333333333333333,0.0,0.3333333333333333,0.3333333333333333
SPR002,Spray Paint Blue,1.0,0.0,0.25,0.25
SPR003,Spray Paint Chrome MAXIMA,0.6666666666666666,0.0,0.16666666666666666,0.16666666666666666
SPR004,Spray Paint Black MAXIMA,0.6666666666666666,0.0,0.16666666666666666,0.16666666666666666
SPR005,Spray Paint White- MAXIMA,4.333333333333333,0.0,1.0833333333333333,1.0833333333333333
SPR007,Spray Paint Matt Black,3.0,1.0,0.75,0.75
SPR008,Spray Paint Red-MAXIMA,1.3333333333333333,0.0,0.3333333333333333,0.3333333333333333
SPR010,Spray Paint Chrome,0.3333333333333333,0.0,0.08333333333333333,0.08333333333333333
SPR011,Spray Paint Gold,0.3333333333333333,0.0,0.08333333333333333,0.08333333333333333
SPR015,Sprinkler Head,0.6666666666666666,0.0,0.16666666666666666,0.16666666666666666
SPR016,Sprinkler Juakali,1.0,0.0,0.25,0.25
SPR020,Spray Paint Grey,3.3333333333333335,0.0,0.8333333333333334,0.8333333333333334
SPR022,Spray Paint Yellow MAXIMA,1.3333333333333333,0.0,0.3333333333333333,0.3333333333333333
SPR023,Spray Paint Asmaco- Matt Black,3.6666666666666665,0.0,0.9166666666666665,0.9166666666666665
SPR024,Spray Paint Asmaco-Silver,1.0,0.0,0.25,0.25
SPR025,Sprinkler 3 arms-schneeberg,0.0,2.0,0.0,0.5
SQU001,Squeezer,0.6666666666666666,0.0,0.16666666666666666,0.16666666666666666
STA008,Stand Pipe 3ft,1.3333333333333333,0.0,0.3333333333333333,0.3333333333333333
STA009,Standard Thinner Crown 1l,0.3333333333333333,0.0,0.08333333333333333,0.08333333333333333
STA010,Standard Thinner Crown 5l,1.3333333333333333,16.0,0.3333333333333333,4.0
STA011,Standard Thinner Glory 1l,16.0,14.0,4.0,4.0
STA012,Standard Thinner Glory 5l,15.333333333333334,7.0,3.833333333333334,3.833333333333334
STA015,Star Bit,10.666666666666666,7.0,2.6666666666666665,2.6666666666666665
STE001,Steel Float Trowel Yellow,0.0,11.0,0.0,2.75
STE002,Steel Nails Pcs,97.66666666666667,149.0,24.416666666666668,37.25
STE003,Steel Nails Pkt 1,15.0,29.0,3.75,7.25
STE004,Steel Nails Pkt 1.5,15.083333333333334,4.0,3.770833333333333,3.770833333333333
STE005,Steel Nails Pkt 2,40.083333333333336,25.25,10.020833333333334,10.020833333333334
STE006,Steel Nails Pkt 2.5,14.916666666666666,2.0,3.729166666666667,3.729166666666667
STE007,Steel Nails Pkt 3,96.33333333333333,83.5,24.08333333333333,24.08333333333333
STE008,Steel Nails Pkt 4,50.083333333333336,23.0,12.520833333333336,12.520833333333336
STE011,Steel Tape 50m,0.0,1.0,0.0,0.25
STE012,Steel Trowel Rubber Handle,5.0,3.0,1.25,1.25
STE015,Steel Tape,1.6666666666666667,2.0,0.4166666666666667,0.5
STO001,Stone 4x9,0.0,0.0,0.0,0.0
STO002,Stone 6x9,1.3333333333333333,0.0,0.3333333333333333,0.3333333333333333
STO006,Stop Cork Cons 1/2 Cobra,3.6666666666666665,0.0,0.9166666666666665,0.9166666666666665
STR003,Strip Connector 30a,0.6666666666666666,0.0,0.16666666666666666,0.16666666666666666
STR005,Stronghold Parquet Crown 1kg,1.3333333333333333,0.0,0.3333333333333333,0.3333333333333333
STR006,Stronghold Parquet Crown 20k,1.0,0.0,0.25,0.25
STR008,Stronghold Parquet Crown 4kg,2.3333333333333335,0.0,0.5833333333333334,0.5833333333333334
STR010,Stronghold T/Adhesive 1kg,1.0,0.0,0.25,0.25
STR011,Stronghold T/Adhesive 25k,0.6666666666666666,1.0,0.16666666666666666,0.25
STR012,Stronghold T/Adhesive 4kg,2.0,2.0,0.5,0.5
STY001,Styro Foam 1,7.333333333333333,0.0,1.833333333333333,1.833333333333333
STY002,Styro Foam 1/2,2.6666666666666665,8.0,0.6666666666666666,2.0
STY003,Styro Foam 3/4,10.0,71.0,2.5,17.75
SUP001,Super Glue Big,12.666666666666666,49.0,3.166666666666667,12.25
SUP002,Super Glue Small,1.0,2.0,0.25,0.5
SWI001,Tronic Switch 1 Gang,1.3333333333333333,2.0,0.3333333333333333,0.5
SWI002,Switch 2 Gang,0.6666666666666666,0.0,0.16666666666666666,0.16666666666666666
SWI003,Switch 3 Gang,0.3333333333333333,0.0,0.08333333333333333,0.08333333333333333
SWI005,Switch Box Double,174.66666666666666,121.0,43.666666666666664,43.666666666666664
SWI006,Switch Box Single,136.66666666666666,174.0,34.166666666666664,43.5
T,S001 T Stoppers,6.666666666666667,60.0,1.6666666666666667,15.0
TAN001,Tangit 1000ml,8.333333333333334,22.0,2.0833333333333335,5.5
TAN002,Tangit 100ml,5.333333333333333,7.0,1.3333333333333333,1.75
TAN003,Tangit 250ml,13.333333333333334,20.0,3.3333333333333335,5.0
TAN004,Tangit 500ml,35.666666666666664,46.0,8.916666666666666,11.5
TAN005,Tangit 50ml,8.666666666666666,5.0,2.1666666666666665,2.1666666666666665
TAN006,Tank Connector 1,0.6666666666666666,0.0,0.16666666666666666,0.16666666666666666
TAN007,Tank Connector 1/2,0.0,0.0,0.0,0.0
TAN009,Tank Connector 3/4,0.6666666666666666,0.0,0.16666666666666666,0.16666666666666666
TAP001,Tap Garden 1/2,6.0,1.0,1.5,1.5
TAP002,Tap Garden 3/4,3.6666666666666665,2.0,0.9166666666666665,0.9166666666666665
TAP003,Tap Lockable 1/2,0.0,0.0,0.0,0.0
TAP004,Tap Lockable 3/4,1.0,2.0,0.25,0.5
TAP007,Tap Pegler 1/2,1.6666666666666667,9.0,0.4166666666666667,2.25
TAP008,Tap Pegler 3/4,2.0,4.0,0.5,1.0
TAP015,Tape Measure 3m,3.3333333333333335,2.0,0.8333333333333334,0.8333333333333334
TAP017,Tape Measure 5m,1.0,0.0,0.25,0.25
TAP018,Tape Measure 7.5m,1.0,0.0,0.25,0.25
TAP019,Tape Measure Steel 100m,3.0,1.0,0.75,0.75
TAP022,Tape Measure Knicker 5M,6.333333333333333,7.0,1.5833333333333335,1.75
TAP025,Tape Measure Knicker 7.5M,4.0,6.0,1.0,1.5
TEE001,Tee 1x1/8,1.3333333333333333,10.0,0.3333333333333333,2.5
TEE002,Tee 3/4x1/8,0.3333333333333333,0.0,0.08333333333333333,0.08333333333333333
TEE004,Tee Hinges 4,2.0,0.0,0.5,0.5
TEE005,Tee Hinges 6,4.0,0.0,1.0,1.0
TEE006,Tee Hinges 8,6.333333333333333,0.0,1.5833333333333335,1.5833333333333335
TES001,Tester Big,1.6666666666666667,0.0,0.4166666666666667,0.4166666666666667
TES003,Tester Small,7.0,6.0,1.75,1.75
THR001,Thread Tape Small,62.666666666666664,34.0,15.666666666666668,15.666666666666668
THR002,Thread Tape Big,40.666666666666664,47.0,10.166666666666666,11.75
TIE007,Tie Wrap White Pcs,3.3333333333333335,0.0,0.8333333333333334,0.8333333333333334
TIL006,Tile Adhesive Izomix 25kg,344.0,192.0,86.0,86.0
TIL008,Tile Cutter,2.0,0.0,0.5,0.5
TIL010,Tile Spacers 2.5mm,9.333333333333334,6.0,2.3333333333333335,2.3333333333333335
TIL011,Tile Spacers 2mm,18.333333333333332,5.0,4.583333333333333,4.583333333333333
TIL012,Tile Spacers 3mm,2.0,1.0,0.5,0.5
TIL015,Tile Adhesive 1952 White-kalekim 25KkgAREN,3.3333333333333335,20.0,0.8333333333333334,5.0
TIN002,Tinsnip 10,1.3333333333333333,0.0,0.3333333333333333,0.3333333333333333
TIN004,Tinsnip 8,1.0,0.0,0.25,0.25
TIS006,Tissue Holder N020,0.0,0.0,0.0,0.0
TIS007,Tissue Holder N295b,0.0,0.0,0.0,0.0
TIS009,Tissue Holder NEMSI Black,0.0,0.0,0.0,0.0
TOI003,Toilet Screws 3,5.0,4.0,1.25,1.25
TOI004,Toilet S-Trap,0.0,0.0,0.0,0.0
TOW010,Tower Bolt China 3,0.0,50.0,0.0,12.5
TOW011,Tower Bolt China 4,4.333333333333333,0.0,1.0833333333333333,1.0833333333333333
TOW012,Tower Bolt China 6,5.666666666666667,1.0,1.4166666666666667,1.4166666666666667
TOW015,Towel Bar-single,0.0,0.0,0.0,0.0
TRA001,Trans Africa Q35-Hm,0.0,0.0,0.0,0.0
TRA009,Transport,306.5,366.0,76.625,91.5
TRI001,Tri Square 10,1.3333333333333333,0.0,0.3333333333333333,0.3333333333333333
TRI004,Tri Square 8,0.6666666666666666,2.0,0.16666666666666666,0.5
TRO001,Tronic Led Fitting 4ft,0.0,0.0,0.0,0.0
TRO002,Tronic Led Tube 4ft,3.0,0.0,0.75,0.75
TRO003,Trowel China 8,1.0,4.0,0.25,1.0
TRO004,Trowel China 6,0.3333333333333333,3.0,0.08333333333333333,0.75
TRO007,Trowel Jk Medium,3.3333333333333335,0.0,0.8333333333333334,0.8333333333333334
TRO008,Trowel Jk Small,3.6666666666666665,1.0,0.9166666666666665,0.9166666666666665
TRO010,Tronic Led Fitting 2ft,0.0,0.0,0.0,0.0
TRO011,Tronic Led Tube 2ft,0.0,0.0,0.0,0.0
TRO013,Trowel Rubber Handle,0.0,0.0,0.0,0.0
TRU002,Trunking 25x40,0.0,8.0,0.0,2.0
TRU004,Trunking 75x50,2.6666666666666665,0.0,0.6666666666666666,0.6666666666666666
TUB001,Tube 1/2x1/2x16g,5.0,0.0,1.25,1.25
TUB002,Tube 11/2x11/2x14g,0.0,0.0,0.0,0.0
TUB003,Tube 11/2x11/2x16g,66.33333333333333,107.0,16.583333333333332,26.75
TUB004,Tube 11/2x11/2x18g(0.8mm),12.666666666666666,11.0,3.166666666666667,3.166666666666667
TUB006,Tube 11/2x1x16g,20.0,56.0,5.0,14.0
TUB007,Tube 11/2x1x18g,13.666666666666666,40.0,3.4166666666666665,10.0
TUB008,Tube 11/4x11/4x16g,7.666666666666667,10.0,1.916666666666667,2.5
TUB009,Tube 11/4x11/4x18g,2.0,2.0,0.5,0.5
TUB010,Tube 1x1x14g,0.3333333333333333,10.0,0.08333333333333333,2.5
TUB011,Tube 1x1x16g,98.5,59.0,24.625,24.625
TUB012,Tube 1x1x18g,32.0,0.0,8.0,8.0
TUB014,Tube 2x1x16g,21.666666666666668,58.0,5.416666666666667,14.5
TUB015,Tube 2x1x18g,28.333333333333332,6.0,7.083333333333334,7.083333333333334
TUB017,Tube 2x2x14g,5.333333333333333,1.0,1.3333333333333333,1.3333333333333333
TUB018,Tube 2x2x16g,69.0,165.0,17.25,41.25
TUB019,Tube 2x2x18g,24.333333333333332,12.0,6.083333333333333,6.083333333333333
TUB020,Tube 3/4x3/4x16g,79.33333333333333,120.0,19.833333333333332,30.0
TUB021,Tube 3/4x3/4x18g(0.8mm),35.666666666666664,2.0,8.916666666666666,8.916666666666666
TUB022,Tube 3x2X2mm,10.0,0.0,2.5,2.5
TUB023,Tube 3x2x2.5mm,5.333333333333333,0.0,1.3333333333333333,1.3333333333333333
TUB024,Tube 3x2x3mm,1.6666666666666667,1.0,0.4166666666666667,0.4166666666666667
TUB026,Tube 3x3x2.5mm,0.0,0.0,0.0,0.0
TUB028,Tube 3x3x3mm,1.6666666666666667,3.0,0.4166666666666667,0.75
TUB031,Tube 4x2x2.5mm,1.6666666666666667,5.0,0.4166666666666667,1.25
TUB033,Tube 4x2x3mm,2.0,1.0,0.5,0.5
TUB035,Tube 4x4x2.5mm,0.6666666666666666,1.0,0.16666666666666666,0.25
TUB036,Tube 4x4x3mm,2.0,0.0,0.5,0.5
TUB042,Tube 6x4x3mm,0.0,5.0,0.0,1.25
TUB045,Tube 2x2x1.2mm,0.0,7.0,0.0,1.75
TUB046,Tube 4x4x4mm,3.6666666666666665,5.0,0.9166666666666665,1.25
TUB047,Tube 2x1x18g(0.8mm)Non structural,0.0,0.0,0.0,0.0
TUR001,Turpentine Glory 1l,8.333333333333334,1.0,2.0833333333333335,2.0833333333333335
TUR002,Turpentine Glory 5l,7.666666666666667,6.0,1.916666666666667,1.916666666666667
UND002,Undertaker 1l,18.666666666666668,20.0,4.666666666666667,5.0
UND003,Undertaker 250ml,2.3333333333333335,3.0,0.5833333333333334,0.75
USP001,Uspro Foam Premium 750ml,20.666666666666668,0.0,5.166666666666667,5.166666666666667
USP003,USPRO Foam DLG,1.0,3.0,0.25,0.75
USP004,USPRO Foam Sista,0.0,19.0,0.0,4.75
WAL002,Wall Coping 9,0.3333333333333333,0.0,0.08333333333333333,0.08333333333333333
WAL006,Wall Pass,6.0,0.0,1.5,1.5
WAL007,Wall Plug 10mm,1.0,2.0,0.25,0.5
WAL009,Wall Plug 6mm,3.6666666666666665,21.0,0.9166666666666665,5.25
WAL010,Wall Plug 8mm,4.0,6.0,1.0,1.5
WAL011,Wall Plug Pcs,4.333333333333333,50.0,1.0833333333333333,12.5
WAL014,Wall Tap Short Neck,2.3333333333333335,3.0,0.5833333333333334,0.75
WAL015,Wall Tap Long Neck,1.3333333333333333,2.0,0.3333333333333333,0.5
WAL016,Wall Tap Sprout 1/2,1.0,0.0,0.25,0.25
WAR001,Warning Tape Red,6.0,2.0,1.5,1.5
WAS003,Wash Hand Basin 18x12,0.0,0.0,0.0,0.0
WAS007,Wash Hand Basin Screw,0.0,0.0,0.0,0.0
WAS009,Washers Metal Small,10.333333333333334,0.0,2.5833333333333335,2.5833333333333335
WAT001,Tronic Water Heater Switch 20A,0.3333333333333333,0.0,0.08333333333333333,0.08333333333333333
WAT002,Water Heater Switch 45a Gold,1.6666666666666667,2.0,0.4166666666666667,0.5
WAT005,Water Meter Kent 1/2,0.6666666666666666,0.0,0.16666666666666666,0.16666666666666666
WAT010,Waterproof Mzito Powder,8.0,20.0,2.0,5.0
WAT013,Waterproof Sikalite,255.33333333333334,260.0,63.833333333333336,65.0
WAT014,Waterproof Sikalite 25l-plastocrete,8.0,1.0,2.0,2.0
WAT015,Waterproof Socket Single,0.0,0.0,0.0,0.0
WAT017,Waterproof Switch,1.0,1.0,0.25,0.25
WAT023,Waterpump Dayliff 1HP,0.3333333333333333,0.0,0.08333333333333333,0.08333333333333333
WAT028,Water Heater Switch 45A,0.3333333333333333,1.0,0.08333333333333333,0.25
WD4002,Wd40 250ml,0.0,2.0,0.0,0.5
WD4003,Wd40 500ml,2.3333333333333335,0.0,0.5833333333333334,0.5833333333333334
WEL004,Welding Googles,1.3333333333333333,1.0,0.3333333333333333,0.3333333333333333
WEL005,Welding Holder,0.6666666666666666,1.0,0.16666666666666666,0.25
WEL008,Welding Rods Agi,36.166666666666664,0.0,9.041666666666666,9.041666666666666
WEL009,Welding Rods Simba,184.08333333333334,249.75,46.020833333333336,62.4375
WHE003,Wheelbarrow H/G,5.0,6.0,1.25,1.5
WHE005,Wheelbarrow Super H/G,4.333333333333333,9.0,1.0833333333333333,2.25
WHE007,Wheelbarrow Wheel Big,1.0,0.0,0.25,0.25
WHE009,Wheelbarrow Wheel Tuktuk,2.0,0.0,0.5,0.5
WHI005,White Spirit 5l Glory,12.333333333333334,24.0,3.083333333333334,6.0
WHI006,White Spirit Crown 1l,3.6666666666666665,3.0,0.9166666666666665,0.9166666666666665
WHI007,White Spirit Crown 5l,10.666666666666666,12.0,2.6666666666666665,3.0
WHI008,White Spirit Glory 1l,19.666666666666668,17.0,4.916666666666667,4.916666666666667
WIN001,Window Fastener,3.0,14.0,0.75,3.5
WIN004,Window Fastener Kent,3.6666666666666665,0.0,0.9166666666666665,0.9166666666666665
WIN005,Window Stay,11.0,12.0,2.75,3.0
WIN007,Window Stay Kent,1.6666666666666667,2.0,0.4166666666666667,0.5
WIN008,Drawer Handle Silver 8,0.0,0.0,0.0,0.0
WIN009,Drawer Handle Gold 8,0.0,0.0,0.0,0.0
WIR001,Wire Brush,40.333333333333336,99.0,10.083333333333334,24.75
WIR002,Wire Mesh H/G,22.666666666666668,19.0,5.666666666666667,5.666666666666667
WIR004,Wire Mesh M/G,36.0,10.0,9.0,9.0
WOO003,Wood Chisel 1/2,1.0,0.0,0.25,0.25
WOO006,Wood Filla Mahogany,3.3333333333333335,9.0,0.8333333333333334,2.25
WOO007,Wood Filla Pine,0.6666666666666666,1.0,0.16666666666666666,0.25
WOO018,Wood preservative Green 20l,0.3333333333333333,0.0,0.08333333333333333,0.08333333333333333
WOO019,Wood preservative Green 5l,3.6666666666666665,0.0,0.9166666666666665,0.9166666666666665
YEL001,Yellow Oxide 1kg,3.3333333333333335,0.0,0.8333333333333334,0.8333333333333334
ZED001,Zed 1,2.0,0.0,0.5,0.5
ZED002,Zed 3/4,2.6666666666666665,2.0,0.6666666666666666,0.6666666666666666
