code,description,qty_out
ADA001,Adaptor Box 100x100x70,1.0
ADA002,Adaptor Box 150x150x70,1.0
ADA003,Adaptor Box 200x200x80,3.0
ADA005,Adaptor Box 255x200x80mm,2.0
ADA006,Adaptor Box 300x250x120mm,0.0
ANG001,Angle Brackets,0.0
ANG002,Angle Line 11/2x1/4,0.0
ANG003,Angle Line 11/2x1/8,2.0
ANG005,Angle Line 1x1/8,2.0
ANG007,Angle Line 2x1/8,3.0
ANG011,Angle Valve 1/2turn,6.0
ANG014,Angle Valve 1/2turn lirlee,2.0
ARA003,Araldite Glue,6.0
ART003,Artist Brush Pcs,1.0
AXE003,Axe 3.5LB,1.0
BAL005,Ball Cork 1/2,0.0
BAL010,Ball Fitting Bulb,0.0
BAL011,Ball Valve 1 Pegler,4.0
BAL012,Ball Valve 1/2 Pegler,1.0
BAL014,Ball Valve 3/4 Pegler,1.0
BAL025,Ball Cork 3/4,3.0
BAM004,Bamburi Powermax,30.0
BAM005,Bamburi Tembo,2257.0
BAR001,Barbed Wire 480m,6.0
BAR002,Barbed Wire 610m,8.0
BAS070,Basin Screw Small,0.0
BAS077,Basin Screw Big,0.0
BED003,Bed Bolts 5,1.0
BED004,Bed Bolts 6,2.0
BIN001,Binding Wire 1kg,20.0
BIN005,Binding Wire 15KG,282.0
BLA010,Black Sheet 8x4x16g,2.0
BLA011,Black Sheet 8x4x18g(0.8mm),6.0
BLA016,Blanking Cover Double,4.0
BLA017,Blanking Cover Single,0.0
BLO002,Blockboard 3/4,1.0
BOD007,Bodyfiller 1/2kg,1.0
BOD008,Bodyfiller 1kg,1.0
BOD009,Body filler 2.5kg,2.0
BOD010,Bodyfiller 4.5kg neo,1.0
BOS001,Boss White 200g,1.0
BOS002,Boss White 400g,2.0
BOT007,"Magic Connector Plastic 11/2""",1.0
BOT009,"Magic Connector Plastic 11/4""",2.0
BOT010,Bottle Trap Viega 1 1/4,2.0
BOT011,Bottle Trap Viega 11/2,1.0
BRA001,Construction Net Mtrs,21.0
BRC003,Brc A142 Std,14.0
BRC005,Brc A98 Std,6.0
BRO001,Broom/Rake Handles,23.0
BRU001,Brush Fixtec 1,4.0
BRU002,Brush Fixtec 2,4.0
BRU004,Brush Fixtec 4,20.0
BRU005,Brush Fixtec 6,12.0
BRU006,Brush Premium 1,1.0
BRU007,Brush Premium 2,22.0
BRU009,Brush Premium 3,14.0
BRU010,Brush Premium 4,11.0
BRU011,Brush Premium 5,10.0
BRU012,Brush Premium 6,21.0
BRU013,Brush Fixtec 5,0.0
BUC001,Buckets,66.0
BUL001,Bulb Energy Saver Pin 7w,8.0
BUL003,Bulb Energy Saver Screw 7w,15.0
BUL013,Bulbs 40w,0.0
BUS001,"Bush JK 1""",4.0
BUS002,"Bush JK 1/2""",2.0
BUS005,"Bush JK 3/4""",3.0
BUS008,Bush Ball 11/4x4,10.0
BUS009,Bush Ball 1x4,12.0
BUS010,Bush Ball 3/4x4,4.0
BUS015,Bush Smooth 1,4.0
BUS017,Bush Smooth 11/4,6.0
BUS018,Bush Smooth 3/4,4.0
BUT006,"Butterfly Bush 1"" imported",62.0
BUT007,"Butterfly Bush 3/4"" imported",71.0
C/ 004,C/ Transeal 1l,1.0
C/ 005,C/ Transeal 4l,5.0
C/ 006,C/ Varnish Stain Mah 1l,3.0
C/E004,C/E Covermatt White 1l,6.0
C/E005,C/E Covermatt White 20l,51.0
C/E006,C/E Covermatt White 4l,15.0
C/E007,C/E Matt Accent Base 1l,1.0
C/E009,C/E Matt Accent Base 4l,1.0
C/E014,C/E Matt Black 4l,3.0
C/E017,C/E Matt Deep Base 4l,1.0
C/E018,C/E Matt Pastel Base 1l,4.0
C/E019,C/E Matt Pastel Base 20l,5.0
C/E020,C/E Matt Pastel Base 4l,7.0
C/E025,C/E Silicon Accent Base 1l,6.0
C/E027,C/E Silicon Accent Base 4l,7.0
C/E032,C/E Silicon Black 4l,1.0
C/E033,C/E Silicon Deep Base 1l,0.0
C/E034,C/E Silicon Deep Base 20l,4.0
C/E036,C/E Silicon Pastel Base 1l,2.0
C/E037,C/E Silicon Pastel Base 20l,8.0
C/E038,C/E Silicon Pastel Base 4l,6.0
C/E040,C/E Silk Accent Base 1l,8.0
C/E042,C/E Silk Accent Base 4l,1.0
C/E044,C/E Silk Deep Base 1l,7.0
C/E045,C/E Silk Deep Base 20l,1.0
C/E046,C/E Silk Deep Base 4l,9.0
C/E047,C/E Silk Pastel Base 1l,20.0
C/E048,C/E Silk Pastel Base 20l,24.0
C/E049,C/E Silk Pastel Base 4l,36.0
C/S002,C/S/G Accent Base 4l,2.0
C/S003,C/S/G Accent Base 1l,6.0
C/S009,C/S/G Black 1l,1.0
C/S012,C/S/G C/Varnish H/G 1l,2.0
C/S013,C/S/G C/Varnish H/G 4l,15.0
C/S014,C/S/G Clear Varnish Matt 1l,1.0
C/S016,C/S/G Clear Varnish Nc 4l,1.0
C/S017,C/S/G Deep Base 1l,4.0
C/S018,C/S/G Deep Base 4l,4.0
C/S021,C/S/G Eggshell Accent Base 4l,1.0
C/S023,C/S/G Eggshell Black 4l,3.0
C/S027,C/S/G Eggshell Pastel 4l,1.0
C/S037,C/S/G Clear Varnish Matt 4l,6.0
C/S038,C/S/G Matt Finish Black 1l,3.0
C/S039,C/S/G Matt Finish Black 4l,1.0
C/S041,C/S/G Mulipurpose Varnish 1,3.0
C/S046,C/S/G Pastel Base 1l,3.0
C/S047,C/S/G Pastel Base 4l,14.0
C/S050,C/S/G Roadline Yellow 4l,2.0
C/S058,C/S/G Ruff & Tuff 30l-Normal,6.0
C/S061,C/S/G Sanding Sealer 1l,8.0
C/S062,C/S/G Sanding Sealer 4l,34.0
C/S071,C/S/G Twopack V/Gloss 1l,1.0
C/S072,C/S/G Twopack V/Gloss 4l,1.0
C/S075,C/S/G Undercoat 1l,3.0
C/S076,C/S/G Undercoat 4l,14.0
C/S077,C/S/G Varnish Mahogany 1L,1.0
C/S081,C/S/G Vesta Grey Oxide 1l-primer,1.0
C/S084,C/S/G Vesta Red Oxide 4l,2.0
C/S087,C/S/G Vesta White 4l,1.0
CAB002,Cable Clips 12mm,2.0
CAB003,Cable Clips 9mm,4.0
CAB005,Cable Clips Round 10mm,1.0
CAB006,Cable Ties 10,1.0
CAB007,Cable Ties 12,0.0
CAB008,Cable Ties 14,3.0
CAB009,Cable Ties 6,1.0
CAB011,Cable Ties Pcs,17.0
CAB014,Cable Clips 8mm,0.0
CAR004,Carpet Brush,6.0
CEI002,Ceiling Board Plain,4.0
CEM001,Cement In Kgs,99.0
CEN001,Center Stopper,10.0
CEV002,C/S/G Vesta Primer Grey Oxide 4l,19.0
CHA001,Chain 1/4,2.0
CHA002,Chain 3/16,2.0
CHA005,Chain Link 4ft,3.0
CHA006,Chain Link 5ft,12.0
CHA007,Chain Link 6ft,1.0
CHA008,Chain Link 7ft,1.0
CHA009,Chain Link 8ft,6.0
CHA014,Chalk pcs,244.0
CHA016,Chalk Carton,9.0
CHI004,Chicken Wire Roll 1/2x30,18.0
CHI009,Chisel 3/4,0.0
CIR002,Circular Blade 4.5,1.0
CIR003,Circular Blade 7,4.0
CIR004,Circular Blade 9,1.0
CIR007,Circular Box 3way 20mm,10.0
CIR009,Circular Box 4way 20mm,284.0
CIR010,Circular Box 4way 25mm,67.0
CIR011,Circular Box 1 way 20MM,3.0
CIS006,Cistern Top Flush,2.0
CLA001,Claw Bar 4ft,6.0
CLA002,Claw Bar 5ft,1.0
CLE001,Cleanox 1l,1.0
CLE004,Clear Tape Big,6.0
CLO001,Close Couple Ball Valve,0.0
COA001,Coast Calcium,13.0
COF001,Coffee Tray Roll,1.0
COF002,Coffee Tray Mtrs,15.0
COM001,Complete Hinges 1,0.0
CON004,Conduit 38mm,4.0
CON006,Conduit Metro 20mm,651.0
CON007,Conduit Metro 25mm,293.0
CON008,Conduit Metro 32mm,16.0
CON010,Conduit Metro 50mm,13.0
CON012,Construction Net,6.0
CON013,Consumer Unit 10way,0.0
CON015,Consumer Unit 4way,1.0
CON021,Conta 1/2kg,3.0
CON022,Conta 1/4kg,3.0
CON023,Conta 100ml,4.0
CON024,Conta 1kg,4.0
CON025,Conta 4kg,5.0
CON026,Conta 50ml,5.0
CON028,Consumer Unit 12way,0.0
COR004,Corner Strip Aluminium,0.0
COR007,Corner Strip L Shaped,164.0
COR008,Corner Strip Plastic White,1.0
COR010,Gypsum Corner Tape,20.0
COR011,Cornace Super Fix 5kg,0.0
COU001,Counter Sunk Screw 1,7.0
COU002,Counter Sunk Screw 1.5,1.0
COU009,Couplers 20mm,2470.0
COU010,Couplers 25mm,500.0
COU011,Couplers 32mm,65.0
COU012,Couplers 38mm,10.0
COU013,Couplers 50mm,14.0
CRO001,Crown Colorant B,4.0
CRO002,Crown Colorant C,1.0
CRO003,Crown Colorant D,1.0
CRO008,Crown Colorant M/Yellow- T,0.0
CRO013,Crown Colorant V,0.0
CRO016,Crown Colorant Yellow Axx,0.0
CRO024,Crown Wallputty 25kg,290.0
CRO025,Crown Wallputty 1kg,8.0
CSG004,C/S/G Varnish Mahogany 4L,1.0
CSG005,C/S/G Black 4l,4.0
CSG007,C/S/G Zinc phophate Grey 4 l,2.0
CSG009,C/S/G Ruff & Tuff 30l-White Base,3.0
CUT001,Cut Out Double,5.0
CUT002,Cut Out Single,9.0
CUT006,Cutting Disk Diamond 4,24.0
CUT007,Cutting Disk Diamond 7,4.0
CUT008,Cutting Disk Diamond 9,16.0
CUT010,Grinding Disk 7.,51.0
CUT011,Cutting Disk Metal 9,36.0
CUT012,Cutting Disk Slim 4,50.0
CUT013,Cutting Disk Slim 9,261.0
CUT015,Cutting Disk Metal 7,2.0
CYP001,Syphone,2.0
CYP003,Syphon Top Flush,0.0
D 1001,D 10,6820.0
D 1002,D 12,2530.0
D 1003,D 16,1284.0
D 2001,D 20,158.0
D 2002,D 25,113.0
D 3001,D 32,17.0
D 8001,D 8,6089.0
D/E008,D/E Sf Brill White 20l,10.0
D/E009,D/E Sf Brill White 4l,4.0
D/E012,D/E Silk S/White 4l,1.0
D/G003,D/G Black 4l,1.0
D16003,D 16-Kifaru,229.0
DAM001,Variance/DG Goods Sold,0.0
DOO002,Door Bell Switch,7.0
DOV001,Dovetail Tank 1000l Rect,0.0
DOV007,Dovetail Tank 10000l,0.0
DOV008,Dovetail Tank 1000l,2.0
DOV011,Dovetail Tank 3000l,0.0
DOV012,Dovetail Tank 5000l,1.0
DOW001,Down Stoppers,165.0
DPC001,Dpc,13.0
DR 004,Dr Fixit Pidiproof 1l,8.0
DR 005,Dr Fixit Pidiproof 20l,4.0
DR 007,Dr Fixit Superlatex 1l,0.0
DR 012,Dr Fixit Waterproof Powder,765.0
DRA001,Drain Opener 1kg,1.0
DRA014,Drawer Knobs,2.0
DRA026,Drawer Rail Hydro 12,0.0
DRF001,Dr Fixit FastFlex 12kg,1.0
DRI002,Drill Bit 10mm,4.0
DRI008,Drill Bit 3.5mm,4.0
DRI010,Drill Bit 3mm,4.0
DRI012,Drill Bit 4mm,10.0
DRI014,Drill Bit 6mm,3.0
DRI016,Drill Bit 8mm,1.0
DRI018,Drill Bit Hilt 10mm,3.0
DRI022,Drill Bit Hilt 8mm,1.0
DRI027,Drill Bit Flat wood Pcs,1.0
DRU002,Drum 220l,3.0
DRU004,Drum 240l,1.0
DUR004,Dura Skim Coat 25kg,9.0
DUS001,Dust Mask Pkt,1.0
DUS003,Dust Mask Pcs,22.0
ELE001,Elec Bend 20mm,5.0
ELE002,Elec Bend 25mm,34.0
ELE003,Elec Bend 32mm,9.0
ELE004,Elec Bend 38mm,9.0
ELE007,Elec Cable Flex 2.5mm mtrs,30.0
ELE016,Elec Cable Single 2.5mm Red Roll,0.0
ELE018,Elec Cable Twin 1.5mm Roll Grey,2.0
ELE019,Elec Cable Twin 2.5mm Roll,1.0
ELE026,Elec Top Plug,3.0
ELE035,Elec Cable Twin 1.5mm Mtrs,40.0
ELE036,Elec Cable Twin 2.5mm Mtrs,38.0
ELE038,ELEC CABLE FLEX 2.5MM ROLL,1.0
EME001,Emery Cloth No. 0,81.0
EXP002,Expanded Metal Medium,3.0
EYE005,Eye Hook No 3,21.0
EYE008,Eye Hook No 8,12.0
FEV004,Fevicol Pur 1kg,3.0
FEV005,Fevicol Pur 500gm,1.0
FIL001,File 10 jk,3.0
FIL003,File 8 jk,3.0
FIL005,File Saw J.K,4.0
FLA001,Flap Disk 4,6.0
FLA002,Flap Disk 7,2.0
FLA007,Flusher Plugs pcs,5.0
FLA010,Flat 11/2x1/4,19.0
FLA011,Flat 11/2x1/8,9.0
FLA015,Flat 2x1/4,5.0
FLA016,Flat 2x1/8,0.5
FLE002,Flex Tube Metallic 1/2x1.5ft,7.0
FLE004,Flex Tube Plastic 1/2x2ft,1.0
FLE009,Flex metallic Tube 1/2x2ft,2.0
FLE012,Flex Tube Metallic 1/2x1ft,5.0
FLE013,Flex conduit 20mm Mtrs,1.0
FLO007,Flourescent Fitting 4ft,1.0
FLO010,Flourescent Tube 2ft,1.0
FLU001,Flusher Plug pkts,1.0
FOO001,Foot Kamba 30mts,2.0
FOO002,Foot Kamba 50mts,0.0
FOO003,Foot Valve 1 peggler,1.0
FOR002,Fork Jembe 1.5LB,2.0
FOR003,Fork Jembe 2.5LB,6.0
FOR004,Fork Jembe 3.5LB,2.0
FRI001,Fridge Guard,0.0
GAL006,Galvanized Wire 2mm,1.0
GAT003,Gate Valve 1/2,0.0
GAT004,Gate Valve 11/2,1.0
GAT005,Gate Valve 11/4,3.0
GAT006,Gate Valve 2 pegler,0.0
GAT007,Gate Valve 3/4,19.0
GAT008,Gate Valve 1 pegler,11.0
GI 001,Gi Back Nut 1,2.0
GI 006,Gi Back Nut 3/4,6.0
GI 007,Gi Barrel Nipple 1,0.0
GI 008,Gi Barrel Nipple 1/2,5.0
GI 010,Gi Barrel Nipple 11/4,0.0
GI 012,Gi Barrel Nipple 3/4,13.0
GI 020,Gi Cup Female 1/2,40.0
GI 023,Gi Cup Female 3/4,13.0
GI 025,Gi Elbow 1/2,3.0
GI 026,Gi Elbow 11/2,1.0
GI 031,Gi Hex Nipple 1/2,65.0
GI 032,Gi Hex Nipple 11/2,2.0
GI 036,Gi Long Thread Nipple 1,4.0
GI 041,Gi Long Thread Nipple 3/4,3.0
GI 042,Gi Plug Male 1,14.0
GI 043,Gi Plug Male 1/2,13.0
GI 044,Gi Plug Male 11/4,0.0
GI 045,Gi Plug Male 3/4,14.0
GI 050,Gi Red Bush 1x1/2,0.0
GI 056,Gi Red Bush 3/4x1/2,5.0
GI 068,Gi Socket 1,1.0
GI 069,Gi Socket 1/2,6.0
GI 073,Gi Socket 3/4,8.0
GI 074,Gi Stand Pipe 1/2x1.5ft,0.0
GI 077,Gi Stand Pipe 1/2x3ft,1.0
GI 090,Gi Union 1/2,1.0
GI 092,Gi Union 11/4,0.0
GLO004,Gloves Leather H/G,2.0
GLO005,Gloves Leather Hg 14',0.0
GLO007,Gloves Rubber H/G,17.0
GLO008,Gloves Rubber L/G,2.0
GOO001,Gauze Wire Mtrs,21.0
GOO002,Gauze Wire Roll,1.0
GRE003,Green Oxide 1kg,5.0
GRO002,Grout 1kg Cream,3.0
GRO015,Grout 1kg Grey-Fuga,40.0
GRO016,Grout 1kg White-Fuga,31.0
GUM004,Gumboot No 6,1.0
GUM005,Gumboot No 7,1.0
GUM006,Gumboot No 8,1.0
GUM008,Gumboot No 9,1.0
GUM009,Gumboot H/G No 6,1.0
GUM011,Gumboot H/G No 8,1.0
GUM012,Gumboot H/G No 9,1.0
GUT001,Gutter Angle,0.0
GUT002,Gutter Bracket,26.0
GUT003,Gutter Connector,0.0
GUT008,Gutter Metro,2.0
GUT012,Gutter Stop End,7.0
GUT014,Gutters Outlet,2.0
GYP002,Gypsum Angle Line,20.0
GYP006,Gypsum Board Hada,602.0
GYP008,Gypsum Board Moist Resistant,43.0
GYP011,Gypsum Channel,947.0
GYP012,Gypsum Cornice-Plain,135.0
GYP013,Gypsum Corner Bead,156.0
GYP016,Gypsum Fibre Tape,58.0
GYP021,Gypsum Powder 1kg,46.0
GYP022,Gypsum Powder 25kg,63.0
GYP025,Gypsum Screws 1 *1000pcs -Blue esKseAnRtiEaNl,54.0
GYP026,Gypsum Screws 1 Pkt,1.0
GYP027,Gypsum Screws 11/2 Pkt,12.0
GYP028,Gypsum Screws 11/4 Pkt,6.0
GYP029,Gypsum Screws 2 Pkt,3.0
GYP030,Gypsum Screws 3/4 Pkt,2.0
GYP032,Gypsum Screws Assorted,144.0
GYP034,Gypsum Stud,1588.0
GYP036,Gypsum Board Thumb 9mm,17.0
HAC001,Hacksaw Blade,497.0
HAC005,Hacksaw Frame J/K,3.0
HAC006,Hacksaw Frame Orange,4.0
HAM001,Hammer Jk,6.0
HAM002,Hammer Metal,0.0
HAM003,Hammer Rubber 29mm,10.0
HAN003,Handsaw 16,3.0
HAN006,Hard Broom With Handle,21.0
HAN007,Hard Broom Without Handle,11.0
HAN008,Handsaw 16 -Metallic,4.0
HAS005,Hasp Juakali,5.0
HEL001,Helmets Red,19.0
HEL002,Helmets Blue,0.0
HEL003,Helmets white,10.0
HEM001,Hemp,3.0
HIL002,Hilt Bit 12mm,2.0
HIL006,Hilt Bit 8mm,1.0
HIL007,Hilt Bit 10MM,0.0
HIN002,Hinges 1.5- Pairs,6.0
HIN003,Hinges 2- Pairs,2.0
HIN005,Hinges 3- Pairs,30.0
HIN006,Hinges 4- Pairs,21.0
HIN015,Hinges Oxford Brass,33.0
HIN016,Hinges Oxford Silver,8.0
HOO003,Hoop Iron Roll,265.0
HOS007,Hose Clip Hd 3/4,2.0
HOS016,Hose Pipe Braided 3/4x50m,1.0
HOS018,Hose Pipe Clear 1/2x60ft,0.0
HOS019,Hose Pipe Clear 1/4 X 50 Roll(s),5.0
HOS020,Hose Pipe Clear 1/4 (Mtrs),63.0
HOS022,Hose Pipe Clear 3/4x60ft,2.0
INS001,Insulating Tape Black Big,28.0
INS002,InsulatingTape Black Small,27.0
INS004,Insulating Tape Yellow Big,1.0
INS008,Insulating Tape White Big,0.0
INS012,Instant Shower Ener 4t,3.0
INS018,Insulating Tape Green Big,2.0
INS019,Insulating Tape Red Big,5.0
JEM002,Jembe 2.5LB,3.0
JEM003,Jembe 2LB,1.0
JEM004,Jembe 3LB,0.0
JEM005,Jembe Handle,39.0
JUM006,Jumbo Tank 2000l,1.0
JUM009,Jumbo Tank 2500l,1.0
JUM010,Jumbo Tank 3000l,1.0
JUM014,Jumbo Tank 5000l,3.0
JUM017,Jumbo Tank Rect 1000l,1.0
JUM019,Jumbo Tank Rect 500l,2.0
KEN001,KenSeal4KG,1.0
KIF001,Kifagio Big,10.0
KIT010,Kitchen Sink Pamofit DB/SD,1.0
LEA003,Leaf Rake Plastic Big,0.0
LEA004,Leaf Rake Plastic Medium,1.0
LIM001,Lime 25kg,18.0
LIP004,Lipping Mtrs,43.0
LOC003,Lock Flyglobe Silver,4.0
LOC012,Lock Union 2lever brass/gold,8.0
LOC013,Lock Wista W-23615,4.0
LOC015,Lock Wista W-20252,0.0
LOR001,Lordex 1kg,5.0
LOR002,Lordex 300g,2.0
MAC004,Machine Screw 4ba,2.0
MAC005,MACHINE SCREW 2BA PKT,1.0
MAG001,Magic Connector 11/2 CHROME,1.0
MAG002,Magic Connector 11/4 CHROME,2.0
MAG004,Magnetic Socket 10mm,1.0
MAG005,Magnetic Socket 8mm,3.0
MAL001,Malpha Bit,1.0
MAL003,Malpha Hinges Hydraulic,17.0
MAN001,Manhole Cover 12x12,6.0
MAN002,Manhole Cover 15x15,2.0
MAN003,Manhole Cover 18x18,11.0
MAN004,Manhole Cover 18x24,24.0
MAN007,Manilla Roll 100m,8.0
MAN008,Manilla Roll 500m,2.0
MAN009,Manilla Rope 10mm- Mtrs,63.5
MAN013,Manilla Rope 18ply,19.0
MAN014,Manilla Rope 42ply,30.0
MAN017,Manilla Roll 1000m,8.0
MAN020,Manilla rope 10mm roll,0.0
MAN021,Manilla Rope 6mm Rolls,0.0
MAN022,Manilla Rope 8mm Rolls,0.0
MAN023,Manilla Rope 12mm Rolls,0.0
MAR001,Marine Board- Tywood,223.0
MAR002,Marine Board-Zurkit 16mm,11.0
MAR003,Marine Board-Zurkit 18mm,707.0
MAS002,"Masking Tape Welfast 1.5""",2.0
MAS006,"Masking Tape Welfast 1""",80.0
MAS008,"Masking Tape Welfast 2""",70.0
MAS010,Mason Bit 10mm,1.0
MAS014,Mason Bit 6mm,4.0
MAS015,Mason Bit 8mm,6.0
MAS016,Mason Chisel Flat,5.0
MAS017,Mason Chisel Pointed,26.0
MAS019,Mason Hammer 2.5lb,10.0
MAS020,Mason Hammer 2lb,2.0
MAS021,Mason Hammer 3lb,10.0
MAT001,Mattock Combined,19.0
MCB004,MCB 10 AMP,1.0
MCB005,MCB 16 AMP,0.0
MDF007,Mdf Board White,1.0
MDF012,Mdf Screws 1 Pkt,3.0
MDF013,Mdf Screws 1/12 Pkt,4.0
MDF014,Mdf Screws 11/4 Pkt,4.0
MDF015,Mdf Screws 2 Pkt,8.0
MET009,Metro Glue 250gms,2.0
MIN001,Mini Trunking,4.0
MIR001,Mirror Screws Pcs,520.0
MOP006,Mop Teepee,1.0
NAI001,Nails 1'- Kgs,6.5
NAI002,Nails 1.5'- Kgs,10.25
NAI003,Nails 2'- Kgs,107.5
NAI004,Nails 2.5'- Kgs,66.75
NAI005,Nails 3'- Kgs,493.25
NAI006,Nails 4'- Kgs,480.0
NAI007,Nails 5'- Kgs,5.75
NAI011,Nails Bag 2,4.0
NAI012,Nails Bag 2.5,4.0
NAI013,Nails Bag 3,34.0
NAI014,Nails Bag 4,46.0
NAI015,Nails Bag 5,0.0
NAI018,Nails Bag Ceiling 1.5,0.0
NAI023,Nails Ceiling 1.5,5.0
NAI024,Nails Panel Pins 1,0.25
NAI025,Nails Panel Pins 1.5,9.0
NAI029,Nails Roofing Bag,1.0
NAI030,Nails Roofing Kgs,53.75
NAI031,Nails U Bags,1.0
NAI032,"Nails Polished Bag 1""",1.0
NAI034,"Nails Bag 1.5""",1.0
NAI035,Nails U Kgs,15.5
NON002,Non Return Valve 1 pegler,3.0
NON003,Non Return Valve 1/2 Pegler,1.0
NON006,Non Return Valve 3/4 Pegler,0.0
NYU001,Nyumba Cement,1400.0
OLD001,Old News Papers,15.0
PAD001,Padbolt 6,19.0
PAD004,Padbolt Jk Big,4.0
PAD006,Padbolt Juakali-Shiny,2.0
PAD009,Padlock Mindy 70mm,2.0
PAD016,Padlock Tri Circle 262,2.0
PAD017,Padlock Tri Circle 263,7.0
PAD018,Padlock Tri Circle 264,1.0
PAD019,Padlock Tri Circle 265,1.0
PAD020,Padlock Tri Circle 266,9.0
PAD021,Padlock Mindy 60mm,0.0
PAD022,Padlock Mindy 50mm,3.0
PAI002,Paint Roller 4,2.0
PAI004,Paint Roller 9,51.0
PAN001,Panga,9.0
PAN002,Panga H/G,8.0
PAT001,Pattress Double Deep,13.0
PAT003,Pattress Single Deep,10.0
PIL003,Pillar Tap Basin Type,1.0
PIL006,Pillar Tap Sprout,0.0
PIP001,Pipe Wrench 10,1.0
PIP003,Pipe Wrench 14,1.0
PLA001,Plain Sheet Roll 30g,2.0
PLA002,Plain Sheet Roll 32g,1.0
PLA004,Plascon Ext Clear 5l,4.0
PLA008,Plascon Int Clear 5l,3.0
PLA016,Plain sheet 30g mtrs,44.5
PLI001,Pliers H.G,2.0
PLI003,Pliers Red,3.0
PLU001,Plumb Line,2.0
PLY001,Plywood 3mm,31.0
PLY002,Plywood 6mm,77.0
POL003,Polythene Black 15kg,39.0
POL004,Polythene Black 20kg,30.0
POL005,Polythene Black Mtrs,139.0
POL006,Polythene Clear Mtrs,9.0
POL007,Polythene Clear Roll,2.0
PON001,Ponal Glue 1/2l,11.0
PON002,Ponal Glue 1/4l,7.0
PON005,Ponal Glue 4l,0.0
POU002,Poultry Mesh Green,0.0
PPR002,Ppr Ball Cork 25mm,2.0
PPR003,Ppr Ball Cork 32mm,0.0
PPR007,Ppr Cup 20mm,5.0
PPR008,Ppr Cup 25mm,11.0
PPR014,Ppr Elbow 20mm,15.0
PPR015,Ppr Elbow 20mm *45',10.0
PPR016,Ppr Elbow 25mm,205.0
PPR017,Ppr Elbow 25mmx45,18.0
PPR018,Ppr Elbow 32mm,135.0
PPR021,Ppr Elbow 50mm,4.0
PPR023,Ppr F/Adapter 20x1/2,5.0
PPR024,Ppr F/Adapter 25x1/2,72.0
PPR025,Ppr F/Adapter 25x3/4,28.0
PPR026,Ppr F/Adapter 32x1,11.0
PPR027,Ppr F/Adapter 32x3/4,7.0
PPR028,Ppr F/Adapter 40x11/4,1.0
PPR032,Ppr F/Elbow 25x1/2,64.0
PPR033,Ppr F/Elbow 25x3/4,2.0
PPR040,Ppr F/Tee 25x1/2,1.0
PPR042,Ppr F/Tee 32x1,0.0
PPR047,Ppr Gate Valve 20mm,2.0
PPR050,Ppr M/Adapter 20x1/2,6.0
PPR051,Ppr M/Adapter 25x1/2,59.0
PPR052,Ppr M/Adapter 25x3/4,43.0
PPR053,Ppr M/Adapter 32x1,24.0
PPR055,Ppr M/Adapter 32x3/4,4.0
PPR057,Ppr M/Adapter 50x11/2,2.0
PPR060,Ppr M/Elbow 25x1/2,12.0
PPR065,Ppr M/Elbow 50x11/2,2.0
PPR069,Ppr M/Tee 32x1,0.0
PPR074,Ppr M/Thread Union 3/4,4.0
PPR075,Ppr Machine H/G,0.0
PPR076,Ppr Overbend 25mm,29.0
PPR078,Ppr Pipe 20mm,0.0
PPR085,Ppr Pipe Danco 25mm,89.0
PPR086,Ppr Pipe Danco 32mm,75.0
PPR087,Ppr Pipe Danco 40mm,0.0
PPR092,Ppr Pipe Metro 32mm,2.0
PPR100,Ppr Pipe Roll Danco 25mm,0.0
PPR101,Ppr Pipe Roll Danco 32mm,0.0
PPR107,Ppr Red/Socket 25x20,48.0
PPR109,Ppr Red/Socket 32x25,11.0
PPR111,Ppr Red/Socket 40x32,3.0
PPR113,Ppr Red/Socket 50x25,3.0
PPR122,Ppr Red/Tee 32x25,1.0
PPR125,Ppr Socket 20mm,21.0
PPR126,Ppr Socket 25mm,139.0
PPR127,Ppr Socket 32mm,104.0
PPR128,Ppr Socket 40mm,3.0
PPR137,Ppr Tee 20mm,5.0
PPR138,Ppr Tee 25mm,79.0
PPR139,Ppr Tee 32mm,50.0
PPR140,Ppr Tee 40mm,1.0
PPR141,Ppr Tee 50mm,1.0
PPR143,Ppr Thread Union 20mm,0.0
PPR144,Ppr Thread Union 25mm,2.0
PPR147,Ppr Union 20mm,6.0
PPR148,Ppr Union 25mm,2.0
PPR149,Ppr Union 32mm,5.0
PUT004,Putty Premium Buckets- 40kgs,0.0
PVC001,Pvc Bend 11/2x45,21.0
PVC002,Pvc Bend 11/2x90,49.0
PVC003,Pvc Bend 11/4x45,9.0
PVC004,Pvc Bend 11/4x90,5.0
PVC005,Pvc Bend 2x45,60.0
PVC006,Pvc Bend 2x90,72.0
PVC007,Pvc Bend 3x45,1.0
PVC008,Pvc Bend 3x90,21.0
PVC009,Pvc Bend 4x45,43.0
PVC010,Pvc Bend 4x90,73.0
PVC011,Pvc Bend 6x45,4.0
PVC012,Pvc Bend 6x90,14.0
PVC016,Pvc Boss Connector 4x2,12.0
PVC020,Pvc Flex Bend 4,3.0
PVC022,Pvc Floor Trap 4way,58.0
PVC023,Pvc Floor Trap 1Way,11.0
PVC026,Pvc Full Bora 4,10.0
PVC028,Pvc Gulley Trap 4,18.0
PVC031,Pvc Inspection Bend 4,2.0
PVC034,Pvc Plug 11/2,8.0
PVC035,Pvc Plug 11/4,2.0
PVC036,Pvc Plug 2,13.0
PVC037,Pvc Plug 3,5.0
PVC038,Pvc Plug 4,1.0
PVC039,Pvc Plug 6,2.0
PVC053,Pvc Reducer 11/2x11/4,1.0
PVC054,Pvc Reducer 2x11/2,1.0
PVC056,Pvc Reducer 3x2,12.0
PVC057,Pvc Reducer 4x2,12.0
PVC058,Pvc Reducer 4x3,4.0
PVC059,Pvc Reducer 6x4,2.0
PVC062,Pvc Socket 4,4.0
PVC064,Pvc Tee 11/2,18.0
PVC065,Pvc Tee 11/4,2.0
PVC066,Pvc Tee 2,33.0
PVC067,Pvc Tee 3,6.0
PVC068,Pvc Tee 4,23.0
PVC069,Pvc Tee 6,4.0
PVC072,Pvc Vent Core 2,0.0
PVC073,Pvc Vent Core 3,2.0
PVC074,Pvc Vent Core 4,5.0
PVC076,Pvc W/Pipe Brown 4,6.0
PVC077,Pvc W/Pipe Grey 11/2,6.0
PVC079,Pvc W/Pipe Grey 2,8.0
PVC082,Pvc W/Pipe Grey 6,19.0
PVC083,Pvc W/Pipe Grey 8 pm,0.0
PVC085,Pvc W/Pipe Metro 11/2,32.0
PVC086,Pvc W/Pipe Metro 2,42.0
PVC087,Pvc W/Pipe Metro 3,50.0
PVC088,Pvc W/Pipe Metro 4,94.0
PVC089,Pvc W/Pipe Metro 6,0.0
PVC093,Pvc W/Pipe Pm 4,35.0
PVC094,Pvc Y Tee 4,2.0
R,P001 R Pipe 11/2x16g,31.0
R 1001,R 10- 1/2 length,1.0
R 1003,R 16,1.5
R 1004,R 16 Ft,4.0
R 6001,R 6,3.0
R/S002,R/S Box Charcoal Grey 3m,0.0
R/S005,R/S Box Clear 3m,6.0
R/S013,R/S Clear 3m,4.0
R/S014,R/S Maisha 2.5x30g,12.0
R/S015,R/S Maisha 2.5x32g,61.0
R/S016,R/S Maisha 2x30g,5.0
R/S017,R/S Maisha 2x32g,20.0
R/S018,R/S Maisha 3x30g,1.0
R/S019,R/S Maisha 3x32g,53.0
RAK005,Rake Juakali Big,11.0
RAW003,Rawl Bolt M6,1.0
RAW004,Rawl Bolt M8,14.0
RED001,Red Oxide 1kg,5.0
REF001,Reflector Vest,51.0
RIV003,Rivet Pcs,22.0
ROO002,Roofing Bolt 11/2,0.0
ROO004,Roofing Bolt 2.5,0.0
ROO008,Roofing Insulation 3mm-Roll,1.0
ROO009,Roofing Insulation 5mm-Roll,1.0
ROO013,Roofing Washers,15.0
ROO015,Roofing Bolt 2,1.0
ROU004,Round Covers Black Small,2.0
ROU007,Round File,2.0
RSB001,R/S Box charcoal grey 2m,5.0
SAC001,Sacks,27.0
SAD001,Saddle Clips 1,4.0
SAD003,Saddle Clips 1/2,0.0
SAD005,Saddle Clips 2,46.0
SAD007,Saddle Clips 3/4,4.0
SAD008,Saddle Clips 4,15.0
SAF001,Safety Gloves,31.0
SAN006,Sand Paper P100 Roll,4.0
SAN007,Sand Paper P120 Roll,7.0
SAN009,Sand Paper P40 Roll,1.0
SAN010,Sand Paper P60 Roll,2.0
SAN011,Sand Paper P80 Roll,1.0
SAN016,Sanding Disk 7,3.0
SAN017,Sand Paper Water Proof,30.0
SAN018,Sand Paper P100 Ft,99.0
SAN019,Sand Paper P120 Ft,220.0
SAN021,Sand Paper P40 Ft,13.0
SAN022,Sand Paper P60 Ft,39.0
SAN023,Sand Paper P80 Ft,75.0
SCR001,Scrapper 1,0.0
SCR003,Scrapper 2,13.0
SCR005,Scrapper 3,17.0
SCR006,Scrapper 4,0.0
SCR008,Screw Driver Combined,2.0
SCR011,Screw Driver Star,4.0
SCR015,Screwdriver Flat 3*75 Fixtec,0.0
SEA003,Seat Cover H/G,0.0
SEL002,Self Tapping Screws 1.5,1.0
SEL003,Self Tapping Screws 2,0.0
SEL004,Counter Sank screw 2,5.0
SEL006,"Self Tapping Screws 1""",7.0
SEL007,Self Tapping Screws 3/4,0.0
SHE001,Shears Adjustable H/G,2.0
SHE003,Shears Fixed,0.0
SHE014,Orion Shellac Heavy 1/2L,6.0
SHO003,Shoe Tacks 3/4,1.0
SIL002,Silicon Gun Sausage,2.0
SIL003,Silicon Hi Tech Black,2.0
SIL004,Silicon Hi Tech Clear,3.0
SIL010,Silicon Sausage Clear,11.0
SIL011,Silicon Sausage White,4.0
SIL013,Silicon Tube Black,7.0
SIL014,Silicon Tube Clear,29.0
SIL015,Silicon Tube White,2.0
SIL017,Silicon Sausage Black,12.0
SIM001,Simba Cement,40334.0
SIN004,Single Socket,1.0
SIS002,Sisal Rope Small,16.0
SLA001,Slasher,15.0
SLE001,Sledge Hammer 10lb,2.0
SLE002,Sledge Hammer 12lb,6.0
SLE004,Sledge Hammer 6lb,0.0
SLE005,Sledge Hammer 8lb,0.0
SOC013,Socket Double,4.0
SOF003,Soft Broom With Handle,4.0
SOF004,Soft Broom Without Handle,4.0
SPA001,Spade Imported,51.0
SPA010,Spanner Fix 14x15,1.0
SPA011,Spanner Fix 16x17,1.0
SPA015,Spanner Ring 12x13,1.0
SPA016,Spanner Ring 14x15,1.0
SPI002,Spirit Level 12,2.0
SPR005,Spray Paint White- MAXIMA,0.0
SPR007,Spray Paint Matt Black,1.0
SPR008,Spray Paint Red-MAXIMA,0.0
SPR010,Spray Paint Chrome,0.0
SPR025,Sprinkler 3 arms-schneeberg,2.0
STA010,Standard Thinner Crown 5l,16.0
STA011,Standard Thinner Glory 1l,14.0
STA012,Standard Thinner Glory 5l,7.0
STA015,Star Bit,7.0
STE001,Steel Float Trowel Yellow,11.0
STE002,Steel Nails Pcs,149.0
STE003,Steel Nails Pkt 1,29.0
STE004,Steel Nails Pkt 1.5,4.0
STE005,Steel Nails Pkt 2,25.25
STE006,Steel Nails Pkt 2.5,2.0
STE007,Steel Nails Pkt 3,83.5
STE008,Steel Nails Pkt 4,23.0
STE011,Steel Tape 50m,1.0
STE012,Steel Trowel Rubber Handle,3.0
STE015,Steel Tape,2.0
STR010,Stronghold T/Adhesive 1kg,0.0
STR011,Stronghold T/Adhesive 25k,1.0
STR012,Stronghold T/Adhesive 4kg,2.0
STY002,Styro Foam 1/2,8.0
STY003,Styro Foam 3/4,71.0
SUP001,Super Glue Big,49.0
SUP002,Super Glue Small,2.0
SWI001,Tronic Switch 1 Gang,2.0
SWI002,Switch 2 Gang,0.0
SWI005,Switch Box Double,121.0
SWI006,Switch Box Single,174.0
T,S001 T Stoppers,60.0
TAN001,Tangit 1000ml,22.0
TAN002,Tangit 100ml,7.0
TAN003,Tangit 250ml,20.0
TAN004,Tangit 500ml,46.0
TAN005,Tangit 50ml,5.0
TAP001,Tap Garden 1/2,1.0
TAP002,Tap Garden 3/4,2.0
TAP004,Tap Lockable 3/4,2.0
TAP007,Tap Pegler 1/2,9.0
TAP008,Tap Pegler 3/4,4.0
TAP015,Tape Measure 3m,2.0
TAP019,Tape Measure Steel 100m,1.0
TAP022,Tape Measure Knicker 5M,7.0
TAP025,Tape Measure Knicker 7.5M,6.0
TEE001,Tee 1x1/8,10.0
TES003,Tester Small,6.0
THR001,Thread Tape Small,34.0
THR002,Thread Tape Big,47.0
TIE007,Tie Wrap White Pcs,0.0
TIL006,Tile Adhesive Izomix 25kg,192.0
TIL010,Tile Spacers 2.5mm,6.0
TIL011,Tile Spacers 2mm,5.0
TIL012,Tile Spacers 3mm,1.0
TIL015,Tile Adhesive 1952 White-kalekim 25KkgAREN,20.0
TOI003,Toilet Screws 3,4.0
TOW010,Tower Bolt China 3,50.0
TOW011,Tower Bolt China 4,0.0
TOW012,Tower Bolt China 6,1.0
TRA009,Transport,366.0
TRI004,Tri Square 8,2.0
TRO001,Tronic Led Fitting 4ft,0.0
TRO003,Trowel China 8,4.0
TRO004,Trowel China 6,3.0
TRO007,Trowel Jk Medium,0.0
TRO008,Trowel Jk Small,1.0
TRO010,Tronic Led Fitting 2ft,0.0
TRO011,Tronic Led Tube 2ft,0.0
TRO013,Trowel Rubber Handle,0.0
TRU002,Trunking 25x40,8.0
TUB003,Tube 11/2x11/2x16g,107.0
TUB004,Tube 11/2x11/2x18g(0.8mm),11.0
TUB006,Tube 11/2x1x16g,56.0
TUB007,Tube 11/2x1x18g,40.0
TUB008,Tube 11/4x11/4x16g,10.0
TUB009,Tube 11/4x11/4x18g,2.0
TUB010,Tube 1x1x14g,10.0
TUB011,Tube 1x1x16g,59.0
TUB014,Tube 2x1x16g,58.0
TUB015,Tube 2x1x18g,6.0
TUB017,Tube 2x2x14g,1.0
TUB018,Tube 2x2x16g,165.0
TUB019,Tube 2x2x18g,12.0
TUB020,Tube 3/4x3/4x16g,120.0
TUB021,Tube 3/4x3/4x18g(0.8mm),2.0
TUB024,Tube 3x2x3mm,1.0
TUB028,Tube 3x3x3mm,3.0
TUB031,Tube 4x2x2.5mm,5.0
TUB033,Tube 4x2x3mm,1.0
TUB035,Tube 4x4x2.5mm,1.0
TUB042,Tube 6x4x3mm,5.0
TUB045,Tube 2x2x1.2mm,7.0
TUB046,Tube 4x4x4mm,5.0
TUB047,Tube 2x1x18g(0.8mm)Non structural,0.0
TUR001,Turpentine Glory 1l,1.0
TUR002,Turpentine Glory 5l,6.0
UND002,Undertaker 1l,20.0
UND003,Undertaker 250ml,3.0
USP003,USPRO Foam DLG,3.0
USP004,USPRO Foam Sista,19.0
WAL007,Wall Plug 10mm,2.0
WAL009,Wall Plug 6mm,21.0
WAL010,Wall Plug 8mm,6.0
WAL011,Wall Plug Pcs,50.0
WAL014,Wall Tap Short Neck,3.0
WAL015,Wall Tap Long Neck,2.0
WAR001,Warning Tape Red,2.0
WAT002,Water Heater Switch 45a Gold,2.0
WAT010,Waterproof Mzito Powder,20.0
WAT013,Waterproof Sikalite,260.0
WAT014,Waterproof Sikalite 25l-plastocrete,1.0
WAT015,Waterproof Socket Single,0.0
WAT017,Waterproof Switch,1.0
WAT028,Water Heater Switch 45A,1.0
WD4002,Wd40 250ml,2.0
WEL004,Welding Googles,1.0
WEL005,Welding Holder,1.0
WEL009,Welding Rods Simba,249.75
WHE003,Wheelbarrow H/G,6.0
WHE005,Wheelbarrow Super H/G,9.0
WHE009,Wheelbarrow Wheel Tuktuk,0.0
WHI005,White Spirit 5l Glory,24.0
WHI006,White Spirit Crown 1l,3.0
WHI007,White Spirit Crown 5l,12.0
WHI008,White Spirit Glory 1l,17.0
WIN001,Window Fastener,14.0
WIN005,Window Stay,12.0
WIN007,Window Stay Kent,2.0
WIN008,Drawer Handle Silver 8,0.0
WIN009,Drawer Handle Gold 8,0.0
WIR001,Wire Brush,99.0
WIR002,Wire Mesh H/G,19.0
WIR004,Wire Mesh M/G,10.0
WOO006,Wood Filla Mahogany,9.0
WOO007,Wood Filla Pine,1.0
YEL001,Yellow Oxide 1kg,0.0
ZED001,Zed 1,0.0
ZED002,Zed 3/4,2.0
